# https://github.com/mikedh/trimesh
v -0.00711839 0.03896937 -0.12048975
v -0.01487803 0.03950552 -0.11772148
v 0.02980045 -0.03017852 -0.09385685
v 0.04117399 -0.01691145 -0.07203474
v 0.04437387 -0.01275425 -0.05234352
v 0.04757182 0.04582942 0.04933241
v 0.04757487 0.04582154 0.04930373
v 0.04158838 0.04281241 0.08217714
v 0.04466611 0.03089854 0.08578091
v 0.02623114 0.03859420 0.09445222
v 0.02625912 0.03582839 0.10115932
v 0.03573593 0.02459060 0.10805909
v 0.03573392 0.02456712 0.10805762
v -0.03320041 0.03883538 0.09318971
v 0.00766704 -0.00326691 0.11561654
v 0.02014139 0.01242357 0.12006326
v 0.02009359 0.01239736 0.12008688
v 0.01833769 0.01674513 0.12146711
v 0.01833899 0.01671869 0.12146728
v -0.01056058 -0.00274548 0.11078056
v -0.01560591 0.01988539 0.11984617
v -0.00877196 -0.04256118 -0.09364649
v 0.00605174 -0.04738263 -0.10861317
v 0.00737477 -0.04855324 -0.10736396
v 0.00753436 -0.04843234 -0.10787215
v -0.01014834 -0.04122936 -0.09432771
v 0.02857960 -0.04545714 -0.00484150
v 0.02413651 -0.04692209 -0.00490048
v 0.02695094 -0.04636191 -0.00569413
v 0.02230500 -0.04754586 -0.00585192
v 0.02350865 -0.04715949 -0.00522708
v 0.02965598 -0.04565021 -0.00654106
v 0.03008028 -0.04536384 -0.00631798
v 0.02527113 -0.04719583 -0.00657167
v 0.03116024 -0.04457314 -0.00574902
v 0.02999290 -0.04569929 -0.00709251
v 0.03218085 -0.04468897 -0.00747573
v 0.03068070 -0.04577174 -0.00826576
v 0.03358870 -0.04347834 -0.00673065
v 0.02375835 -0.04772852 -0.00735786
v 0.02344346 -0.04782493 -0.00752124
v 0.03574505 -0.04200662 -0.00784484
v 0.03824695 -0.03971567 -0.01101457
v 0.03662992 -0.04193443 -0.00963768
v 0.03738033 -0.04167598 -0.01149601
v 0.03695765 -0.04184030 -0.01041715
v 0.03615506 -0.04313951 -0.01215215
v 0.04373526 0.05110759 -0.07843695
v 0.04298159 0.05131623 -0.07881974
v 0.04590645 0.04979930 -0.08184390
v 0.04193961 0.05136013 -0.08384995
v 0.04454014 0.05034443 -0.08478292
v 0.04254220 0.05111165 -0.08579365
v 0.04497401 0.04994270 -0.08681605
v 0.04073933 0.05126023 -0.08896411
v 0.04082307 0.05115175 -0.08944451
v 0.04395907 0.04921531 -0.09409511
v 0.03941001 0.05151021 -0.08739327
v 0.04051561 0.05127667 -0.08907859
v 0.03766978 0.04906513 -0.10182133
v 0.03895815 0.04857842 -0.10341762
v 0.04079142 0.05145958 -0.08443722
v 0.04115767 0.05151723 -0.07975180
v 0.04355674 0.05104283 -0.08077796
v 0.04007944 0.05145665 -0.08705079
v 0.03680453 0.04727925 -0.10679523
v 0.00953612 0.03503542 -0.12326438
v 0.00511782 0.03381669 -0.12379202
v 0.00517796 0.03101686 -0.12458315
v 0.00458628 0.03427240 -0.12357022
v 0.00340689 0.03274533 -0.12420401
v -0.00145561 0.03688491 -0.12212481
v -0.00335767 0.03590570 -0.12233418
v -0.00178892 0.03716449 -0.12197514
v 0.02418997 0.04318399 -0.11559270
v 0.02017230 0.03797540 -0.12098974
v 0.02150265 0.03685922 -0.12158666
v 0.01895925 0.03672962 -0.12204200
v 0.02195231 0.03643990 -0.12171637
v 0.01762300 0.03777456 -0.12131189
v 0.01764425 0.03548010 -0.12289560
v 0.01997197 0.03581873 -0.12239156
v 0.02487256 0.04339110 -0.11523858
v 0.00984511 0.02918776 -0.12477771
v 0.01206641 0.03282846 -0.12425575
v 0.02444101 0.03893375 -0.11973380
v 0.02480086 0.03861211 -0.11986148
v 0.02561858 0.04017825 -0.11861235
v 0.00262106 0.04682413 -0.11085373
v 0.00236586 0.04612556 -0.11231635
v 0.00160664 0.04489638 -0.11425313
v -0.00168051 0.04517534 -0.11400560
v 0.00300001 0.04578383 -0.11292701
v 0.01323059 0.03171443 -0.12454293
v 0.01330161 0.03427821 -0.12359477
v 0.01476448 0.03297194 -0.12411597
v 0.01467380 0.03016661 -0.12461315
v 0.01294448 0.02890193 -0.12465925
v 0.03466636 0.04820179 -0.10562677
v 0.03401362 0.04724311 -0.10822790
v -0.01411554 0.05188621 -0.08562295
v -0.01424492 0.05037055 -0.09920705
v -0.01213479 0.05060842 -0.09811990
v -0.01107163 0.05099860 -0.09531885
v -0.00998641 0.05079328 -0.09701411
v -0.00937095 0.05083985 -0.09669745
v -0.01102716 0.05037204 -0.09980422
v -0.00892648 0.05118795 -0.09421464
v -0.01873688 0.05147557 -0.09025002
v -0.02280879 0.05128488 -0.09009466
v -0.02547852 0.04995931 -0.09373756
v -0.02263930 0.05048514 -0.09451913
v -0.02450217 0.04990478 -0.09548584
v -0.02697853 0.04887633 -0.09452752
v -0.02029101 0.04926319 -0.10233002
v -0.02204423 0.04853096 -0.10324333
v -0.01922353 0.04908244 -0.10403390
v -0.02096179 0.04832948 -0.10493992
v -0.01981447 0.04803816 -0.10660493
v -0.02237875 0.04713148 -0.10568943
v -0.02122862 0.04683626 -0.10735308
v -0.01881211 0.04841841 -0.10608349
v -0.01877534 0.04894888 -0.10465048
v -0.02339581 0.04724240 -0.10396099
v -0.01886917 0.04916242 -0.10385058
v -0.02518684 0.04899032 -0.09810250
v -0.02566912 0.05078828 -0.08932338
v -0.01890965 0.04774255 -0.10780519
v -0.01868988 0.04591547 -0.11056417
v -0.01728679 0.04713268 -0.10982142
v -0.01593393 0.04655663 -0.11138629
v -0.01487303 0.04702692 -0.11083313
v -0.01534605 0.04627228 -0.11200800
v -0.01448051 0.04584130 -0.11290219
v -0.01589304 0.04463716 -0.11364954
v -0.01432931 0.04376902 -0.11511171
v -0.01724102 0.04334359 -0.11436545
v -0.01567635 0.04247415 -0.11582716
v -0.01594886 0.04187591 -0.11597821
v -0.01755570 0.04098660 -0.11520834
v -0.01405259 0.04152288 -0.11726009
v -0.01270697 0.04654539 -0.11197899
v -0.01117001 0.04571433 -0.11345420
v -0.01129969 0.04403111 -0.11580053
v -0.00798470 0.04203509 -0.11863352
v -0.00928611 0.04067702 -0.11932675
v -0.00904343 0.04049956 -0.11948044
v -0.00978047 0.03992736 -0.11959447
v -0.01068032 0.03923827 -0.11970667
v -0.00759931 0.04175379 -0.11887851
v -0.00703804 0.04241848 -0.11814061
v -0.01035222 0.03899304 -0.11990537
v -0.01093545 0.03664017 -0.12024877
v -0.01066709 0.03643674 -0.12040640
v -0.00869715 0.03771021 -0.12082928
v -0.00563649 0.04022498 -0.11996145
v -0.00681566 0.04786714 -0.10893140
v -0.00909735 0.04450103 -0.11528494
v -0.01170656 0.04600620 -0.11294221
v -0.01815229 0.04376681 -0.11337168
v -0.01416277 0.04726402 -0.11046425
v -0.01992460 0.04446503 -0.11122492
v -0.02481209 0.05146400 -0.08662275
v -0.02577181 0.05149548 -0.08486636
v -0.02462618 0.05189140 -0.08427112
v -0.02384491 0.05198713 -0.08386846
v -0.02480667 0.05202142 -0.08211307
v -0.02553095 0.05186539 -0.08248762
v -0.02354122 0.05213142 -0.07921351
v -0.02325680 0.05214491 -0.07906732
v -0.02664050 0.05140087 -0.08306564
v -0.02734882 0.05051915 -0.08569383
v -0.02066022 0.05090454 -0.09349581
v -0.02261520 0.05133057 -0.08999447
v -0.02148977 0.05076119 -0.09392413
v -0.01308988 0.05006852 -0.10086828
v -0.01393521 0.04937662 -0.10356321
v -0.01512808 0.04918277 -0.10417890
v -0.01489533 0.04869160 -0.10605347
v -0.01486711 0.04862398 -0.10630369
v -0.01679077 0.04830844 -0.10729662
v -0.00816605 0.04843976 -0.10736532
v 0.02786004 0.04255898 -0.11596957
v 0.02959023 0.04112574 -0.11677747
v 0.02972456 0.04313704 -0.11500206
v 0.03143110 0.04338863 -0.11412172
v -0.00498767 0.03464466 -0.12257383
v -0.00526360 0.03183254 -0.12270999
v -0.00617680 0.03264444 -0.12237856
v 0.02345847 0.03489438 -0.12190927
v 0.03377119 0.04571606 -0.11062914
v -0.00753027 0.04853264 -0.10703736
v -0.00235652 0.04558417 -0.11343095
v -0.01731849 0.04531374 -0.11212002
v 0.00328166 0.03232082 -0.12427623
v 0.02421818 0.04128208 -0.11786214
v 0.03955537 0.04958347 -0.09859590
v 0.03996434 0.04915912 -0.10064225
v 0.04225058 0.04759971 -0.10247612
v -0.01168428 0.04972890 -0.10240167
v 0.01855411 0.03462197 -0.12314151
v 0.01743858 0.03300644 -0.12374420
v -0.02614696 0.04902236 -0.09634633
v -0.02631411 0.04739105 -0.09871091
v -0.00038127 0.03841739 -0.12130214
v 0.02607246 0.04373717 -0.11461643
v 0.02062336 0.03518987 -0.12254276
v -0.00997966 0.05134889 -0.09250380
v 0.00361110 0.03256016 -0.12427196
v -0.01273946 0.04286470 -0.11656115
v 0.00485192 0.02820291 -0.12462165
v -0.01863568 0.04397754 -0.11282093
v -0.00681468 0.03617845 -0.12175560
v -0.00591218 0.03543864 -0.12219035
v 0.04309174 0.05081500 -0.08776546
v 0.00184663 0.03129421 -0.12424953
v 0.00288812 0.03030318 -0.12451602
v -0.00789233 0.04376999 -0.11630537
v -0.01291928 0.04075699 -0.11808555
v -0.02068727 0.04254132 -0.11165234
v -0.01471895 0.04749663 -0.10981372
v -0.00748810 0.04816414 -0.10817187
v -0.00488532 0.03717698 -0.12163085
v -0.00605975 0.03396922 -0.12229364
v -0.00014349 0.03822813 -0.12142636
v 0.02457028 0.04294193 -0.11589532
v 0.02602828 0.04193553 -0.11692113
v -0.00194736 0.04688025 -0.11094847
v 0.01609566 0.03672944 -0.12211517
v 0.01303741 0.03450938 -0.12349253
v 0.01160741 0.03325567 -0.12412196
v 0.00982700 0.03479116 -0.12339455
v 0.01626671 0.03142628 -0.12430123
v -0.01858294 0.04763017 -0.10822890
v 0.04014467 0.04852708 -0.10280979
v 0.03864320 0.04957962 -0.09906400
v -0.01214924 0.05119338 -0.09361991
v 0.02087281 -0.00728230 0.09758661
v 0.02225224 -0.00603232 0.09831784
v 0.02453609 -0.00473719 0.09726576
v 0.02358787 -0.00472165 0.09902774
v 0.02262698 -0.00468853 0.10078354
v 0.02485141 -0.00331114 0.09970252
v 0.02388016 -0.00326368 0.10145327
v 0.02596955 -0.00169920 0.10030648
v 0.02498356 -0.00163132 0.10205005
v 0.02706294 -0.00005302 0.10089838
v 0.02802585 -0.00008892 0.09914356
v 0.02754792 0.00086463 0.10116444
v 0.02289914 -0.00320270 0.10319929
v 0.02863452 0.00105581 0.09947734
v 0.02898345 0.00174539 0.09966932
v 0.02802240 0.00177871 0.10142505
v 0.02958984 0.00112775 0.09772065
v 0.02986029 -0.00003415 0.09558940
v 0.02790200 -0.00178019 0.09680006
v 0.02884804 -0.00179273 0.09503702
v 0.03049448 0.00115364 0.09593708
v 0.03081039 0.00181055 0.09611150
v 0.03068579 0.00012029 0.09376764
v 0.03254948 0.00386023 0.09479407
v 0.03333579 0.00406895 0.09295322
v 0.02991444 0.00175370 0.09789894
v 0.03241703 0.00218087 0.09244638
v 0.03319482 0.00240139 0.09060137
v 0.03391490 0.00270186 0.08872826
v 0.03498415 0.00624432 0.09159158
v 0.02987187 0.00367550 0.10016138
v 0.02701444 0.00187702 0.10315792
v 0.02175502 -0.00105294 0.10714902
v 0.02212091 -0.00113943 0.10660703
v 0.01598503 -0.00141286 0.11317458
v 0.01460310 -0.00452222 0.11015895
v 0.01323643 -0.00578987 0.10943394
v 0.01169893 -0.00682093 0.10862571
v 0.00904659 -0.00722552 0.10884706
v 0.01444645 -0.00616807 0.10779949
v 0.00917528 -0.00405818 0.11412734
v 0.01210531 -0.00179530 0.11567318
v 0.00751720 -0.00492221 0.11326038
v 0.00675890 -0.00450716 0.11397960
v 0.00599194 -0.00559341 0.11246519
v 0.00894056 -0.00559591 0.11172983
v 0.00729579 -0.00647835 0.11086935
v 0.00545866 -0.00709437 0.10991518
v 0.00510811 -0.00719209 0.10973348
v 0.00352262 -0.00757335 0.10891282
v 0.00928451 -0.00234666 0.11646372
v 0.00753307 -0.00923482 0.10419474
v 0.00594120 -0.00403709 0.11471657
v 0.00402659 -0.00640861 0.11144149
v 0.00169126 -0.00669615 0.11086429
v 0.00589450 -0.00574019 0.11224781
v 0.00245432 -0.00546683 0.11279358
v 0.01290832 -0.00719824 0.10699095
v 0.01472373 -0.00282646 0.11250089
v 0.00876689 -0.00804237 0.10709839
v 0.02501358 0.00018991 0.10434786
v 0.01592543 0.00053256 0.11542871
v 0.01824678 0.00177571 0.11439490
v 0.01585904 0.00248734 0.11767956
v 0.01207426 0.00011054 0.11794123
v 0.01458139 0.00295920 0.11928107
v 0.01929765 0.00348082 0.11496609
v 0.01341918 -0.00045451 0.11637248
v 0.01701944 0.00404074 0.11830410
v 0.01465443 0.00307111 0.11932065
v 0.01143654 0.00046959 0.11852894
v 0.02152458 -0.00142338 0.10702383
v 0.03565400 0.00661436 0.08969400
v 0.01650415 0.00425920 0.11890177
v 0.01837150 -0.00398555 0.10760613
v 0.00145601 -0.00713159 0.11010898
v 0.01240531 -0.00836432 0.10446276
v 0.01390074 -0.00755274 0.10524528
v 0.01404165 -0.00747020 0.10531913
v 0.01560759 -0.00647854 0.10614121
v 0.01815217 -0.00554461 0.10521614
v 0.02066090 -0.00269815 0.10655676
v 0.01745396 0.00064448 0.11396689
v 0.00256571 -0.00382008 0.11523692
v 0.00607068 -0.00235358 0.11706281
v 0.00774712 -0.00151501 0.11793872
v 0.00621886 -0.00052347 0.11912252
v 0.00919307 -0.00035714 0.11870235
v 0.00748760 0.00072435 0.12006630
v 0.00682783 0.00348404 0.12205726
v 0.00394216 0.00099387 0.12081720
v 0.00897850 0.00198030 0.12057703
v 0.01552392 0.00481439 0.11979949
v 0.00015998 -0.00737417 0.10943944
v -0.00360213 -0.00662164 0.10977147
v 0.01896472 0.00766765 0.11937027
v 0.01395953 0.00581781 0.12126386
v 0.01943156 0.00919671 0.11963850
v 0.02220721 0.00893277 0.11656128
v 0.02337318 0.00861561 0.11490535
v -0.00151375 -0.00641419 0.11095171
v 0.03166886 0.00564499 0.09887214
v 0.03342152 0.00767588 0.09756132
v 0.03588160 0.01188762 0.09665439
v 0.02745395 0.01188032 0.11256400
v 0.02839203 0.01374163 0.11308025
v 0.02924007 0.01572771 0.11355264
v 0.03033722 0.01550585 0.11186322
v 0.03137609 0.01536474 0.11014538
v 0.03407409 0.01738406 0.10707117
v 0.03345437 0.01814982 0.10901579
v 0.03442015 0.01823125 0.10726463
v 0.03424953 0.02145419 0.10948580
v 0.03529234 0.02160559 0.10777547
v 0.03280341 0.01970913 0.11095925
v 0.03433833 0.02204161 0.10954238
v 0.02985934 0.01727176 0.11389936
v 0.03495742 0.01745839 0.10527759
v 0.03239340 0.01798192 0.11071647
v 0.02942717 0.01360567 0.11136062
v 0.02814188 0.01650753 0.11525203
v 0.03799986 0.01284716 0.09101461
v 0.04202706 0.02623319 0.09333214
v 0.04067440 0.00631771 0.06978224
v 0.04102570 0.00732423 0.06998138
v 0.04128362 0.00676612 0.06786474
v 0.03934700 0.00556060 0.07358339
v 0.04085466 0.02526137 0.09720879
v 0.04166390 0.02698652 0.09540816
v 0.04211463 0.02660010 0.09338395
v 0.04254542 0.02957348 0.09366079
v 0.04257481 0.03218226 0.09372483
v 0.04118280 0.02734535 0.09741626
v 0.04224594 0.02641933 0.09260032
v 0.04260350 0.02673261 0.09138907
v 0.04414258 0.02849440 0.08546718
v 0.04511725 0.03160290 0.08377741
v 0.04010762 0.02499826 0.09906876
v 0.03830513 0.02115893 0.10032008
v 0.03772994 0.02143229 0.10227830
v 0.03961256 0.02751069 0.10111012
v 0.04330463 0.03208288 0.09184921
v 0.04331572 0.03642774 0.08968823
v 0.04385509 0.03175353 0.08987726
v 0.04439889 0.03145166 0.08790240
v 0.04421709 0.03025401 0.08778664
v 0.03778710 0.02744420 0.10466867
v 0.03669224 0.02466343 0.10630293
v 0.03563157 0.02707788 0.10805222
v 0.03841078 0.02463280 0.10268769
v 0.03423375 0.00784870 0.09573310
v -0.00077205 -0.00518564 0.11292265
v 0.00344152 0.00377759 0.12246687
v 0.03665428 0.00409891 0.08116718
v 0.00649287 0.00629202 0.12335286
v 0.00482523 0.01063365 0.12453440
v 0.00311136 0.00936955 0.12445822
v 0.00794821 0.00509288 0.12266231
v 0.01205751 0.00702016 0.12255873
v 0.01210962 0.00449765 0.12130754
v 0.04486560 0.03366183 0.08593513
v 0.03170284 0.00373508 0.09660552
v 0.01452613 0.00298543 0.11934038
v 0.00208043 0.00252638 0.12170311
v 0.03421872 0.00600668 0.09344260
v 0.04406374 0.03631137 0.08782164
v 0.00680639 0.00350146 0.12206787
v 0.02997764 0.01786676 0.11397123
v 0.03578739 0.01760663 0.10345801
v 0.03108940 0.00089820 0.09398932
v 0.02970124 -0.00167666 0.09322875
v 0.00271773 -0.00025233 0.11978711
v 0.00264615 -0.00020582 0.11984244
v 0.02057807 -0.00444623 0.10423323
v 0.01962345 0.00991592 0.11975045
v 0.00518798 -0.00696745 0.11020832
v 0.03522898 0.01817013 0.10543029
v 0.03613097 0.02157153 0.10595692
v 0.00069840 -0.00439429 0.11426805
v -0.00048141 -0.00471771 0.11365663
v 0.04105635 0.03239463 0.09744614
v 0.02245464 0.00672721 0.11439862
v 0.02269710 0.00719338 0.11453177
v 0.03162750 0.02004006 0.11261034
v 0.03062962 0.02039041 0.11389232
v 0.03034082 0.02029119 0.11420307
v 0.04330900 0.03205333 0.09185090
v 0.02875014 0.01826915 0.11559719
v 0.02891661 0.01979334 0.11571120
v 0.04117016 0.03114581 0.09748110
v 0.00578357 -0.00568156 0.11235662
v 0.02262159 0.00463310 0.11219678
v 0.01750859 0.00486788 0.11857060
v 0.01392077 0.00573712 0.12124246
v 0.01342545 -0.00232601 0.11409235
v 0.00082832 0.00127917 0.12072696
v -0.00036400 0.00003414 0.11963427
v 0.04041901 0.02744739 0.09927450
v 0.04023293 0.03244251 0.09927276
v 0.02515227 0.00017285 0.10411546
v 0.00421323 0.00078423 0.12066507
v 0.00899329 0.00680598 0.12323068
v 0.00811337 0.00755270 0.12361102
v 0.01387900 0.00576379 0.12127556
v 0.01294565 0.00392708 0.12070817
v 0.01176401 0.00240314 0.12007328
v 0.03934894 0.01357424 0.08722403
v 0.04375139 0.02828141 0.08751068
v 0.03662466 0.01215625 0.09479248
v 0.03583071 0.01009525 0.09434643
v 0.03592709 0.01800841 0.10353723
v 0.03667522 0.02456115 0.10629227
v 0.03535708 0.02192836 0.10781474
v 0.03792286 0.02226799 0.10239297
v 0.00327144 -0.00423552 0.11461753
v 0.00993140 -0.00078687 0.11804594
v 0.01076222 -0.00123279 0.11724282
v 0.01471886 -0.00095689 0.11478168
v 0.01594320 -0.00496964 0.10839775
v 0.01706012 -0.00532982 0.10690805
v 0.01948432 -0.00422911 0.10592434
v 0.03791406 0.01110314 0.08868965
v 0.03723757 0.01074231 0.09058398
v 0.03645205 0.00866966 0.09014204
v 0.03655997 0.01038301 0.09247778
v 0.03046384 -0.00143509 0.09137635
v 0.02768293 -0.00333960 0.09441018
v 0.03080376 0.00368256 0.09839144
v 0.02332819 -0.00058089 0.10571684
v 0.02497597 0.00012005 0.10432725
v 0.02676773 -0.00336979 0.09618825
v 0.02163120 -0.00460712 0.10252237
v 0.00940887 -0.00867239 0.10516775
v 0.01000375 -0.00763354 0.10774068
v 0.01124071 -0.00804905 0.10611935
v 0.01938749 -0.00838563 0.09680380
v 0.00197843 0.03509008 0.10442473
v 0.00002187 0.03565551 0.10343144
v -0.00097208 0.03523297 0.10427040
v 0.00196986 0.03494138 0.10469569
v -0.00101313 0.03477525 0.10513210
v -0.00163740 0.03494414 0.10481496
v 0.00050692 0.03430988 0.10590329
v -0.00448864 0.04227574 0.08775210
v 0.03885775 0.05121337 0.03147306
v -0.00679464 0.04653015 0.07540771
v -0.00532824 0.04329931 0.08509232
v -0.00670797 0.04356446 0.08438937
v 0.04119605 0.04639047 0.07131138
v 0.04484149 0.04435733 0.07263421
v 0.04602651 0.04285169 0.07321398
v 0.04672428 0.04268967 0.07132074
v 0.04307656 0.04434583 0.07622485
v 0.04199846 0.04416236 0.07791645
v 0.04212702 0.04336420 0.08021565
v 0.04077286 0.04384492 0.07952986
v 0.03926931 0.04416189 0.07876435
v 0.04360969 0.04304386 0.07872217
v 0.04560025 0.04425072 0.07077331
v 0.04427032 0.04562474 0.07011672
v 0.04503422 0.04552279 0.06825855
v 0.04255409 0.04664787 0.06925534
v 0.04351285 0.04672292 0.06750046
v 0.04438361 0.04671805 0.06569894
v 0.04280797 0.04704758 0.06714489
v 0.03861061 0.03890963 0.09181708
v 0.03996635 0.03934530 0.09027266
v 0.04161577 0.05016483 0.05310241
v 0.04356576 0.04974215 0.05409500
v 0.04218434 0.05042621 0.05158207
v 0.04252250 0.04959033 0.05580506
v 0.04154989 0.05068763 0.04633378
v 0.03645722 0.03767400 0.09518544
v 0.03666758 0.03516388 0.09974269
v 0.03612148 0.03500059 0.10039947
v -0.01908934 0.05202186 0.02873464
v -0.04058260 0.05103071 0.04241837
v -0.04257912 0.05063550 0.04138655
v -0.04333603 0.05038605 0.04324172
v -0.04177310 0.05081691 0.03955532
v -0.04426701 0.04981277 0.04050507
v -0.04565049 0.04856839 0.03977186
v -0.04508765 0.04908664 0.03782218
v -0.04140361 0.05087006 0.04424231
v -0.03540470 0.05147782 0.04283529
v -0.04249642 0.05063818 0.04367724
v -0.04490893 0.04940405 0.04241625
v -0.03323003 0.05130919 0.04844434
v -0.03610839 0.05127667 0.04696687
v -0.04078854 0.05058305 0.04904893
v -0.03916390 0.05108324 0.04539548
v -0.04165702 0.05041027 0.04860008
v -0.04273674 0.05012090 0.04804066
v -0.04452410 0.04943594 0.04711073
v -0.04495810 0.04873922 0.04912318
v -0.04589639 0.04817607 0.04638297
v -0.04655352 0.04722346 0.04377971
v -0.04650403 0.04680328 0.04829365
v -0.04543892 0.04879124 0.04446598
v -0.03178123 0.05074937 0.05367362
v -0.02988826 0.05077226 0.05464532
v -0.03084638 0.04970739 0.06087838
v -0.01273456 0.04762162 0.07238047
v -0.03773632 0.05008091 0.05510200
v -0.03842050 0.04973071 0.05699261
v -0.03809153 0.05007656 0.05491967
v -0.03936356 0.04971694 0.05650847
v -0.04192929 0.04883446 0.05967188
v -0.03820518 0.04869952 0.06382837
v -0.04051917 0.04857583 0.06293016
v -0.04214853 0.04877887 0.05955835
v -0.04596928 0.04624621 0.05530221
v -0.04516093 0.04698935 0.05797913
v -0.04412072 0.04764188 0.06037395
v -0.04539359 0.04601374 0.06008966
v -0.04418491 0.04750024 0.06073772
v -0.02563688 0.05115569 0.05233744
v -0.02448412 0.05158972 0.04394422
v -0.02801156 0.05128425 0.05112142
v -0.03586703 0.04833020 0.06726934
v -0.03480056 0.04770926 0.07005309
v -0.03490705 0.04758352 0.07046941
v -0.03527236 0.04706490 0.07204712
v -0.03870581 0.04734325 0.07029068
v -0.03726265 0.04785831 0.06879261
v -0.04090681 0.04336064 0.07807235
v -0.03817518 0.04504863 0.07726452
v -0.04202388 0.04531958 0.07134789
v 0.02626189 0.03583755 0.10113839
v -0.01051255 0.04653086 0.07574830
v -0.03328198 0.04333888 0.08423952
v -0.02898193 0.04109034 0.09090007
v -0.02831712 0.04098845 0.09123926
v -0.03936585 0.04308488 0.08111317
v -0.03920739 0.04312062 0.08119515
v -0.04100819 0.04219906 0.08025388
v -0.02608141 0.03479389 0.10351120
v -0.02624310 0.03470019 0.10357669
v -0.02627362 0.03482918 0.10341324
v -0.02631645 0.03636662 0.10117190
v -0.01657812 0.03131177 0.11057011
v -0.02645560 0.03629303 0.10124830
v -0.02190006 0.05207201 0.02729343
v -0.03502316 0.04255309 0.08557959
v -0.03537172 0.04257595 0.08540118
v -0.03787319 0.05133937 0.02582864
v -0.04074479 0.05085839 0.02659444
v -0.03985565 0.05103853 0.02480581
v -0.03141444 0.05214491 0.01791662
v -0.03148574 0.05214188 0.01787998
v -0.02406381 0.03583076 0.10231766
v -0.00439737 0.04230851 0.08765791
v -0.00285382 0.03935575 0.09528076
v -0.00247896 0.04013440 0.09323949
v -0.03460987 0.04768592 0.07015050
v -0.02639768 0.03759680 0.09890510
v -0.02684409 0.03767357 0.09867749
v -0.02517256 0.03839608 0.09730048
v -0.02880453 0.03776994 0.09767341
v -0.02877609 0.03820795 0.09686926
v -0.02872377 0.03895596 0.09548889
v -0.03016482 0.03902546 0.09475081
v -0.04107964 0.04822251 0.06459277
v -0.04187436 0.04803753 0.06418154
v -0.04290276 0.04758709 0.06364542
v -0.04300894 0.04728335 0.06436616
v 0.04444057 0.04875056 0.05677345
v 0.04519661 0.04864148 0.05491112
v 0.04635609 0.04810301 0.05099950
v 0.04680595 0.04771581 0.04897485
v 0.04540702 0.04902715 0.04828168
v 0.04511520 0.04921122 0.04813540
v 0.04353591 0.05010091 0.04958999
v 0.04751188 0.04558043 0.05604162
v 0.04471650 0.04903054 0.05467208
v 0.03532931 0.03474409 0.10129637
v 0.03392314 0.03426263 0.10281406
v -0.04399105 0.04999548 0.04514651
v -0.01169450 0.04877675 0.06843935
v -0.03297796 0.03725204 0.09548306
v 0.04330181 0.04554083 0.07186643
v -0.04376772 0.04822026 0.05871707
v -0.03805151 0.05129785 0.04372206
v 0.02830915 0.03512309 0.10219793
v 0.04594027 0.04660249 0.06199906
v -0.04542015 0.04881428 0.04439109
v -0.04186643 0.04671657 0.06865723
v -0.03945380 0.04783330 0.06766788
v -0.03730290 0.04338808 0.08217735
v -0.03920109 0.04155879 0.08341727
v -0.03874932 0.04175047 0.08365267
v -0.03591743 0.04352701 0.08289083
v -0.03360072 0.04978753 0.05946666
v -0.04620463 0.04747312 0.03721878
v -0.04488733 0.04921061 0.03723190
v -0.04443335 0.04947821 0.03591703
v -0.04371025 0.04977449 0.03404539
v -0.04298555 0.05006856 0.03217454
v -0.04003656 0.04734264 0.06960787
v -0.04317418 0.05021708 0.03657696
v 0.04364626 0.04921510 0.05637462
v -0.03157536 0.04973126 0.06050480
v -0.04441731 0.04652427 0.06284837
v -0.04442513 0.04603014 0.06370979
v 0.04719696 0.04609021 0.05813780
v 0.04427553 0.04959104 0.05220813
v 0.04597782 0.04657448 0.06201780
v 0.04087300 0.05062872 0.04823358
v -0.04390630 0.05004872 0.04489542
v -0.04011025 0.05098594 0.02517895
v -0.03176786 0.05146377 0.04694926
v -0.00235832 0.04038329 0.09258547
v 0.04180575 0.05063460 0.04646406
v 0.03036103 0.03440486 0.10323725
v 0.03583378 0.03797896 0.09487128
v 0.04239824 0.05046785 0.05126136
v 0.04485058 0.04931755 0.05024984
v 0.04148272 0.04647052 0.07095051
v 0.04131966 0.04651335 0.07086765
v 0.04669657 0.04643152 0.06013567
v 0.04602807 0.04656720 0.06189392
v 0.04232623 0.05047862 0.05122461
v 0.04307273 0.05028469 0.04935578
v 0.04252628 0.05043871 0.05091565
v -0.03537133 0.04236553 0.08576100
v -0.03905232 0.04462988 0.07787448
v -0.03515915 0.04357939 0.08328087
v -0.03739323 0.04221533 0.08435719
v -0.03101947 0.03852510 0.09508253
v -0.03101879 0.03897422 0.09431168
v -0.02857911 0.03501394 0.10197047
v 0.04158349 0.04280421 0.08220042
v -0.00626393 0.04423560 0.08238158
v -0.01204143 0.04842752 0.06969215
v -0.04090714 0.04335699 0.07807923
v -0.04323329 0.04285340 0.07237983
v -0.04515606 0.04840240 0.05007372
v -0.04535370 0.04798930 0.05115434
v -0.04625237 0.04716088 0.04879393
v -0.04722370 0.04555599 0.04790098
v -0.04282794 0.05041519 0.03675833
v 0.04203151 0.04682522 0.06899054
v -0.03708906 0.05121517 0.04646254
v -0.03627726 0.05138857 0.04463411
v -0.03507018 0.05142390 0.04525412
v -0.04211036 0.05055114 0.04612191
v -0.01375106 0.04894782 0.06738736
v -0.02892133 0.00738384 0.09704325
v -0.02647133 0.00444517 0.09824517
v -0.03048544 0.00732315 0.09278751
v -0.03188735 0.00767107 0.08936075
v -0.02542948 0.00201364 0.09648589
v -0.02814028 0.00420771 0.09370196
v -0.02536891 0.00230927 0.09720223
v -0.03694793 0.01188477 0.07526149
v -0.03810223 0.01104033 0.06793565
v -0.02514917 0.00306410 0.09889764
v -0.01475371 -0.00381780 0.10410231
v -0.01527654 -0.00332100 0.10423727
v -0.01406205 -0.00291303 0.10672239
v -0.01492013 -0.00210655 0.10695913
v -0.01458807 -0.00124337 0.10873204
v -0.01357234 -0.00172851 0.10924409
v -0.01270949 -0.00211902 0.10967949
v -0.01284512 -0.00242985 0.10907402
v -0.01220459 -0.00120500 0.11124213
v -0.01995339 0.00531321 0.10921508
v -0.02030492 0.00468780 0.10815828
v -0.01317495 -0.00333767 0.10716958
v -0.02092689 0.00332699 0.10556541
v -0.01687122 -0.00177872 0.10460270
v -0.00602182 -0.00643072 0.10853353
v -0.00704284 -0.00630957 0.10801193
v -0.00551368 -0.00527172 0.11106422
v -0.00447478 -0.00655890 0.10932490
v -0.00436011 -0.00611909 0.11034016
v -0.00397434 -0.00530848 0.11185335
v -0.00372898 -0.00489460 0.11252658
v -0.00875616 -0.00428009 0.11000636
v -0.00505615 -0.00214112 0.11578716
v -0.00511820 -0.00209384 0.11582319
v -0.00123552 -0.00487622 0.11326673
v -0.01350885 -0.00443682 0.10472942
v -0.01099927 -0.00399476 0.10827358
v -0.01730616 -0.00351784 0.10055009
v -0.01740246 -0.00420098 0.09880512
v -0.01899655 -0.00265868 0.09916940
v -0.00223975 -0.00243730 0.11645709
v -0.00095923 -0.00153323 0.11796764
v -0.00173859 -0.00168593 0.11756489
v -0.00140786 -0.00120545 0.11825225
v -0.00417535 -0.00090749 0.11748698
v -0.00224988 0.00156577 0.12056725
v -0.02384150 0.00087402 0.09727928
v -0.02548332 0.00693433 0.10329525
v -0.02580544 0.00629675 0.10214343
v -0.02610576 0.00557309 0.10070212
v -0.02442401 0.00474666 0.10219363
v -0.00369575 0.00282224 0.12114171
v -0.00440089 0.00265156 0.12077671
v -0.00602874 0.00062533 0.11835661
v -0.02068097 0.01769613 0.11674529
v -0.01220945 0.00680170 0.11943243
v -0.01076132 0.00525406 0.11935262
v -0.01461761 0.00310938 0.11387643
v -0.00651210 -0.00006201 0.11739434
v -0.00689413 -0.00060773 0.11662678
v -0.02745009 0.00693404 0.10003790
v -0.00301607 -0.00184491 0.11690644
v -0.00324534 -0.00525303 0.11222843
v -0.01327920 -0.00364714 0.10650356
v -0.00881794 0.00042552 0.11622038
v -0.00154299 -0.00647786 0.11083069
v -0.01493559 0.00261471 0.11312256
v -0.00930743 0.00370663 0.11926158
v -0.02058903 0.00408854 0.10703743
v -0.02855040 0.00851663 0.09950304
v -0.01674046 -0.00141229 0.10537628
v -0.01708948 -0.00252517 0.10292811
v -0.02495196 0.00352594 0.09980610
v -0.03083457 0.00610896 0.09005148
v -0.03282943 0.00923722 0.08845428
v -0.00759444 -0.00184102 0.11455739
v -0.00922732 -0.00029388 0.11501503
v -0.00502481 -0.00208894 0.11587119
v -0.02427025 0.00117986 0.09706503
v -0.01935371 0.00217393 0.10635096
v -0.02447024 0.00874841 0.10637413
v -0.01151822 -0.00513877 0.10573762
v -0.00864911 -0.00595222 0.10719447
v -0.00187102 -0.00757166 0.10839365
v -0.01353789 0.00194945 0.11382722
v -0.03931638 -0.01505726 -0.05484530
v -0.04160377 -0.00812761 -0.05139248
v -0.04231463 -0.00685116 -0.04723683
v -0.01474819 -0.02991522 -0.09647552
v 0.00504842 -0.04749816 -0.10688192
v -0.01788957 0.03574474 -0.11484082
v -0.02169922 0.03614309 -0.11004341
v -0.01607969 0.03355067 -0.11620157
v -0.01435914 0.03246532 -0.11758736
v -0.01615677 0.03394084 -0.11623380
v -0.01470633 0.03446252 -0.11772802
v -0.01265634 0.03294673 -0.11895286
v -0.01292171 0.03493286 -0.11905174
v -0.01115374 0.03361691 -0.12013186
v -0.01415818 0.03230561 -0.11769278
v -0.01087437 0.03339484 -0.12027833
v -0.02068352 0.03738058 -0.11174726
v -0.01809447 0.03814069 -0.11490099
v -0.01809482 0.03820479 -0.11489997
v -0.02104537 0.03963396 -0.11189064
v -0.02216271 0.03941486 -0.11021982
v -0.01959196 0.03898069 -0.11340536
v 0.00481995 -0.04591947 -0.10921774
v -0.01295477 0.03525773 -0.11906261
v -0.03932825 -0.01500526 -0.05485042
v -0.03952468 -0.01505136 -0.05440089
v -0.02104515 0.03969571 -0.11188936
v -0.02072437 0.04241210 -0.11167380
v -0.02204331 0.04210539 -0.11010807
v -0.02328765 0.04177093 -0.10850460
v -0.02334659 0.04028781 -0.10856268
v -0.02433314 0.04161709 -0.10679570
v -0.02191239 0.04275982 -0.11002861
v -0.01892686 0.04334458 -0.11298221
v -0.02427273 0.04027277 -0.10678993
v -0.02412373 0.03922523 -0.10673314
v -0.02287793 0.03697895 -0.10838430
v -0.02521787 0.04160927 -0.10500159
v -0.02417156 0.04329336 -0.10668133
v -0.02510273 0.04328531 -0.10491106
v -0.02584751 0.04301906 -0.10304997
v -0.02656476 0.04197749 -0.10118933
v -0.02655909 0.04270683 -0.10117274
v -0.02621866 0.04539600 -0.10094760
v -0.02742717 0.04502819 -0.09803775
v -0.02768977 0.04483796 -0.09721646
v -0.02452954 0.04565207 -0.10457255
v -0.02536480 0.04737399 -0.10047237
v -0.02512019 0.04014877 -0.10497888
v -0.02305411 0.04304341 -0.10836089
v -0.02325283 0.03922047 -0.10853460
v -0.02702486 0.04521483 -0.09911643
v -0.02949288 0.04716757 -0.08685683
v -0.02933713 0.04736116 -0.08748233
v -0.02763376 0.04848605 -0.09262283
v -0.02711044 0.04719622 -0.09687495
v -0.02087908 0.04246566 -0.11147372
v -0.04014571 -0.01501475 -0.05302182
v -0.04004438 -0.01531119 -0.05297539
v -0.04079044 -0.01480456 -0.05110047
v -0.04122634 -0.01261844 -0.05128310
v -0.04019788 -0.01639646 -0.05082630
v -0.04181394 -0.01235634 -0.04933146
v -0.04141618 -0.01457711 -0.04916905
v -0.04175894 -0.01409262 -0.04708761
v -0.04052387 -0.01277618 -0.05317384
v -0.04182794 -0.01227572 -0.04933713
v -0.04062653 -0.01644190 -0.04879888
v -0.04005651 -0.01671995 -0.05075983
v -0.04183654 -0.01233389 -0.04922121
v -0.04188990 -0.01348778 -0.04714345
v -0.04179349 -0.01393293 -0.04656256
v -0.04186533 -0.01339342 -0.04488086
v -0.04230949 -0.01121480 -0.04506787
v -0.04235279 -0.01098376 -0.04508575
v -0.01655477 0.03874346 -0.11634788
v -0.01803621 0.04077568 -0.11482165
v -0.01645578 0.04039306 -0.11626614
v -0.01496807 0.03680683 -0.11781832
v -0.01096488 0.03626942 -0.12027083
v -0.01686462 -0.03024602 -0.09307123
v -0.04258190 -0.00955913 -0.04709459
v -0.01629809 -0.03231349 -0.09281935
v -0.01543354 -0.03232400 -0.09462415
v -0.01428565 -0.03207715 -0.09627877
v -0.01293606 -0.03621707 -0.09566400
v -0.01142690 -0.03700962 -0.09715273
v -0.01232605 -0.03804335 -0.09538528
v -0.01113937 -0.03776126 -0.09701931
v -0.01055973 -0.03760574 -0.09776705
v -0.01130296 -0.03969609 -0.09489135
v -0.01312760 -0.03797561 -0.09354705
v -0.01556670 -0.03423120 -0.09248006
v -0.01488564 0.03946378 -0.11772617
v -0.01595041 -0.03021143 -0.09484971
v -0.04221185 -0.01192195 -0.04727926
v -0.02927312 0.04856492 -0.08419060
v -0.02920481 0.04863139 -0.08443334
v -0.02877186 0.04989452 -0.08193928
v -0.02812534 0.05029687 -0.08384822
v -0.02934848 0.04939535 -0.07999629
v -0.02686138 0.05145272 -0.08092979
v -0.03803513 -0.02758199 -0.02744440
v -0.01959505 0.04015554 -0.11338490
v -0.02096254 0.03966058 -0.11198498
v -0.02765340 0.04516238 -0.09719171
v -0.03759682 -0.02044567 -0.05181592
v 0.00389586 -0.04417678 -0.10965917
v -0.00942428 0.03207956 -0.12075998
v -0.02470175 0.05074619 -0.09107603
v -0.01309665 -0.03169528 -0.09763385
v 0.00625346 -0.04541317 -0.11072094
v -0.01182656 -0.03580340 -0.09733516
v -0.02186063 0.03710718 -0.11010813
v -0.01655820 0.03737421 -0.11637534
v -0.02655197 0.05071328 -0.08752956
v -0.01092047 0.03372768 -0.12029574
v -0.02390575 0.04458739 -0.10652067
v -0.02256469 0.04500971 -0.10807288
v -0.02246050 0.04538189 -0.10801243
v -0.02362346 0.04569489 -0.10635504
v -0.02892614 0.04768044 -0.08880464
v -0.02744064 0.05121131 -0.08123153
v -0.02484391 0.04453104 -0.10475488
v -0.03937444 -0.01689623 -0.05266139
v -0.04017865 -0.01667589 -0.05038376
v -0.02937267 0.04757988 -0.08678741
v 0.00616770 -0.04524140 -0.11076172
v 0.00717898 -0.04695979 -0.10972493
v -0.01215395 -0.03967325 -0.09307934
v -0.00702850 0.03336860 -0.12201279
v -0.01484655 0.03948508 -0.11774585
v -0.04256300 -0.00965884 -0.04741696
v -0.04255341 -0.00940797 -0.04740733
v -0.02861665 0.04911457 -0.08637070
v -0.02779824 0.04685104 -0.09498611
v -0.04212806 -0.00869927 -0.04942400
v -0.04203900 -0.00739663 -0.04935386
v -0.01588904 -0.03019681 -0.09493411
v -0.01654575 0.03616957 -0.11639156
v -0.01455688 -0.03081123 -0.09639418
v -0.04143167 -0.01152673 -0.05136796
v -0.04156166 -0.01034095 -0.05141240
v -0.04071146 -0.01122644 -0.05324101
v -0.04214555 -0.01007549 -0.04945880
v -0.03848989 -0.01867482 -0.05224092
v -0.03918026 -0.01850608 -0.05034376
v -0.03827525 -0.02026608 -0.04991244
v -0.01942868 0.04191525 -0.11326652
v -0.01797925 0.04120543 -0.11478436
v -0.01529965 0.03666648 -0.11753670
v 0.00340249 -0.04270903 -0.10988477
v 0.00482200 -0.04384477 -0.11061637
v 0.00560933 -0.04341618 -0.11101396
v -0.04773638 0.04230094 0.03802030
v -0.04714102 0.04403168 0.03442554
v -0.04649293 0.04600963 0.03479519
v -0.04751012 0.04295999 0.03646426
v -0.04720051 0.04382903 0.03439121
v -0.03262928 -0.03640546 -0.01986855
v -0.03357087 -0.03483929 -0.02077597
v -0.04060060 0.01454936 0.06116076
v -0.03728107 -0.02947911 -0.02709310
v -0.04775881 0.04248011 0.03857585
v -0.04743867 0.04472388 0.03878222
v -0.04774690 0.04350198 0.04145728
v -0.04742412 0.04526865 0.04329633
v -0.04750365 0.04509942 0.04550056
v -0.04692595 0.04644145 0.04582216
v -0.04719331 0.04512283 0.03763579
v -0.04708420 0.04567498 0.03898194
v -0.04707585 0.04608413 0.04124212
v -0.04698553 0.04539408 0.03677910
v -0.04568847 0.04797989 0.03537682
v -0.04776245 0.04327265 0.04083707
v -0.03893161 0.01357114 0.06954104
v -0.03889248 0.01381345 0.07014977
v -0.04051105 0.01730059 0.06880063
v -0.03850023 0.02543893 0.08781553
v -0.03951790 0.02635571 0.08521764
v -0.03971048 0.02579386 0.08401524
v -0.04114482 0.02924619 0.08218890
v -0.04151506 0.03149195 0.08204108
v -0.04215131 0.03011817 0.07944064
v -0.04051275 0.04017383 0.08278946
v -0.04013659 0.03138232 0.08619357
v -0.03918317 0.04142388 0.08361463
v -0.04053107 0.04024029 0.08271013
v -0.03165777 0.00847063 0.09116316
v -0.03152539 0.00888572 0.09207180
v -0.03644557 0.02351428 0.09271265
v -0.04170684 0.02772064 0.07900449
v -0.04197960 0.02689622 0.07722006
v -0.04263896 0.02887936 0.07691896
v -0.04276726 0.02808105 0.07491219
v -0.04205660 0.02650643 0.07626970
v -0.04440485 0.03342984 0.07160187
v -0.03439341 0.02439156 0.09828857
v -0.03278821 0.02124905 0.10064520
v -0.03032294 0.01962235 0.10554662
v -0.03133344 0.02370510 0.10464285
v -0.03632584 0.03192473 0.09450109
v -0.03694392 0.03350274 0.09296316
v -0.03395990 0.03441411 0.09672292
v -0.03447587 0.03599585 0.09498597
v -0.03258821 0.03566569 0.09746600
v -0.03297186 0.03722092 0.09552489
v -0.03454131 0.03623414 0.09470110
v -0.03488520 0.03758148 0.09304119
v -0.03090649 0.02652274 0.10448468
v -0.03287502 0.02404790 0.10148830
v -0.03217925 0.02967741 0.10148015
v -0.03102998 0.03092085 0.10265673
v -0.04277935 0.02795599 0.07458140
v -0.04249485 0.03238818 0.07930697
v -0.03726537 0.01246180 0.07487158
v -0.04755506 0.03691740 0.05880992
v -0.04705738 0.03816532 0.06133691
v -0.04746588 0.03958048 0.05890566
v -0.04685542 0.04073639 0.06093946
v -0.04699009 0.04190370 0.05919338
v -0.04680533 0.04034988 0.06150723
v -0.04662382 0.03914425 0.06323064
v -0.04671005 0.04284912 0.05935480
v -0.04701438 0.04233119 0.05850673
v -0.04811231 0.03988820 0.05381358
v -0.04808674 0.04000691 0.05409867
v -0.04627247 0.04355974 0.06047723
v -0.04631541 0.04412988 0.05958133
v -0.04603338 0.04114346 0.06416641
v -0.04512411 0.04174681 0.06689248
v -0.04510234 0.04160274 0.06709829
v -0.04531373 0.04330735 0.06457627
v -0.03809836 0.02945707 0.09112272
v -0.03736759 0.02788319 0.09244102
v -0.03806503 0.03226031 0.09173169
v -0.03849643 0.03352833 0.09037277
v -0.03744216 0.03508512 0.09119167
v -0.03626640 0.03632954 0.09231662
v -0.02947095 0.02337403 0.10717196
v -0.04375279 0.03524966 0.07543827
v -0.04345867 0.03806244 0.07553896
v -0.04800614 0.04126506 0.04292257
v -0.04792104 0.04279626 0.04299497
v -0.04809598 0.03821228 0.05630847
v -0.04639649 0.03956149 0.06395042
v -0.04702011 0.04324316 0.05695490
v -0.04737688 0.04447029 0.05005022
v -0.04648494 0.04639554 0.05054400
v -0.04789887 0.04333049 0.04751279
v -0.04773935 0.04440741 0.04536664
v -0.04794401 0.04291318 0.04748180
v -0.04792854 0.04309613 0.04797031
v -0.04711366 0.04592796 0.04705607
v -0.04320140 0.04247449 0.07296893
v -0.04326087 0.03713510 0.07675480
v -0.04308274 0.03647558 0.07754885
v -0.04266041 0.03929306 0.07739965
v -0.04262599 0.03495780 0.07928791
v -0.04132838 0.04119399 0.08007073
v -0.04091921 0.04175958 0.08083908
v -0.02688122 0.00824662 0.10260262
v -0.02788858 0.00991364 0.10211704
v -0.03628840 0.02393057 0.09357379
v -0.04758992 0.03670608 0.05828057
v -0.03322885 0.03882428 0.09317491
v -0.04200596 0.03331375 0.08093533
v -0.03213221 0.03408176 0.09931983
v -0.04641673 0.04490180 0.05729562
v -0.04750544 0.04410740 0.04997745
v -0.02984385 0.02055836 0.10722479
v -0.04809257 0.03840725 0.05631388
v -0.04807860 0.03828882 0.05649044
v -0.04759070 0.04110869 0.05621347
v -0.02866110 0.00819210 0.09880745
v -0.03342070 0.03283322 0.09841459
v -0.04755418 0.04212010 0.05441159
v -0.04260235 0.03489255 0.07935512
v -0.04262576 0.03485135 0.07928603
v -0.03589559 0.02473581 0.09505724
v -0.03347700 0.01198226 0.09029563
v -0.03262239 0.01017648 0.09070023
v -0.04270646 0.03952788 0.07708416
v -0.03935918 0.04301805 0.08121510
v -0.04747632 0.04135724 0.05668543
v -0.03859536 0.03384153 0.09002272
v -0.04627043 0.04516042 0.05773071
v -0.04623993 0.04532322 0.05739424
v -0.04532805 0.04639631 0.05931051
v -0.04764806 0.04470700 0.04468111
v -0.03963599 0.01518053 0.06920983
v -0.01596641 -0.05162546 -0.00982771
v -0.01735792 -0.05040028 -0.00827048
v -0.01814429 -0.05022585 -0.00867068
v -0.01825265 -0.05108350 -0.01088713
v -0.01997631 -0.04954593 -0.01027033
v -0.02003781 -0.05015962 -0.01188920
v -0.01825090 -0.05111852 -0.01099035
v -0.00744070 -0.05108339 -0.00390669
v -0.00645553 -0.05156106 -0.00494655
v -0.00790817 -0.05084681 -0.00343027
v -0.01034433 -0.05079040 -0.00440664
v -0.03454739 -0.03447582 -0.02503179
v -0.03455190 -0.03474627 -0.02579164
v -0.03547420 -0.03300197 -0.02623212
v -0.03612239 -0.03180453 -0.02879044
v -0.03522491 -0.03357137 -0.02836312
v -0.03700960 -0.03002836 -0.02921233
v -0.03356881 -0.03643534 -0.02531892
v -0.03339773 -0.03707579 -0.02749137
v -0.03432211 -0.03533338 -0.02793296
v -0.03235136 -0.03870738 -0.02698511
v -0.03322960 -0.03722964 -0.02827406
v -0.02787495 -0.04496948 -0.02480582
v -0.02661856 -0.04641030 -0.02418821
v -0.02614319 -0.04677434 -0.02619935
v -0.02823039 -0.04449651 -0.02273110
v -0.02699092 -0.04595270 -0.02212247
v -0.02511644 -0.04762791 -0.02344034
v -0.02854279 -0.04398444 -0.02063357
v -0.02730247 -0.04543986 -0.02002449
v -0.02856727 -0.04386074 -0.02023155
v -0.02464493 -0.04799545 -0.02545352
v -0.02551792 -0.04719676 -0.02139003
v -0.02735855 -0.04529625 -0.02679520
v -0.02959099 -0.04229758 -0.02097892
v -0.02579644 -0.04665391 -0.01927454
v -0.02428905 -0.04786674 -0.01852387
v -0.02395242 -0.04835679 -0.02060855
v -0.02233492 -0.04946959 -0.01979951
v -0.02104281 -0.05015170 -0.02364577
v -0.02590527 -0.04576318 -0.01651812
v -0.02003133 -0.05075502 -0.02088990
v -0.02066252 -0.05053253 -0.01896137
v -0.02740105 -0.04421728 -0.01634545
v -0.02203882 -0.04950499 -0.01740004
v -0.03229281 -0.03879599 -0.02735728
v -0.02490912 -0.04724504 -0.03007142
v -0.02681513 -0.04559847 -0.02877026
v -0.03294754 -0.03746269 -0.02951585
v -0.02565777 -0.04712924 -0.02820516
v -0.03017376 -0.04090308 -0.03040543
v -0.00451135 -0.05109335 -0.00394023
v -0.02406333 -0.04826299 -0.02740834
v -0.03360435 -0.03604193 -0.02412721
v -0.00942451 -0.05004432 -0.00194502
v -0.03195919 -0.03914699 -0.02904035
v -0.02352117 -0.04858161 -0.02713614
v -0.02296386 -0.04905051 -0.02461078
v -0.01032742 -0.05007568 -0.00240889
v -0.02864244 -0.04266208 -0.01666858
v -0.02275419 -0.04905460 -0.01775864
v -0.02958370 -0.04234788 -0.02113694
v -0.01816206 -0.05114926 -0.01094534
v 0.02152239 -0.04362547 -0.09321873
v 0.02308119 -0.04236704 -0.09284030
v 0.02309125 -0.04226757 -0.09302972
v 0.02123667 -0.04415728 -0.09176855
v 0.02274526 -0.04308620 -0.09097441
v 0.01724932 -0.04162690 -0.10500800
v 0.01598302 -0.04303360 -0.10568413
v 0.01482847 -0.04507556 -0.10548254
v 0.01327256 -0.04633389 -0.10586661
v 0.01154744 -0.04637178 -0.10802263
v 0.01168100 -0.04759352 -0.10618118
v 0.00981560 -0.04726255 -0.10870461
v 0.00975681 -0.04835008 -0.10673029
v 0.00766939 -0.04849529 -0.10780405
v 0.00678738 -0.04869554 -0.10601215
v 0.00659117 -0.04867887 -0.10611251
v 0.01109445 -0.04796618 -0.10603676
v 0.02413582 -0.04185162 -0.09023776
v 0.02446910 -0.04111486 -0.09212882
v 0.02651945 -0.03752717 -0.09343000
v 0.02577740 -0.03836899 -0.09382653
v 0.02702515 -0.03693660 -0.09315944
v 0.02703980 -0.03701740 -0.09304862
v 0.02709286 -0.03832827 -0.09090261
v 0.02585831 -0.03977894 -0.09156327
v 0.02823209 -0.03674557 -0.09028837
v 0.04042417 -0.02162933 -0.06801157
v 0.04106487 -0.01874376 -0.06987689
v 0.02807700 -0.03737865 -0.08891106
v 0.04021346 -0.02263535 -0.06589034
v 0.03235313 -0.04549256 -0.01189884
v 0.03470373 -0.04428991 -0.01291841
v 0.03670173 -0.04259885 -0.01410973
v 0.03792404 -0.04113122 -0.01345503
v 0.03815518 -0.04019590 -0.01549366
v 0.03663071 -0.04259705 -0.01189792
v 0.03465919 -0.04432720 -0.01277050
v 0.03272046 -0.04535313 -0.01170774
v 0.03204944 -0.04562407 -0.01110064
v 0.03401834 -0.04463842 -0.01102840
v 0.03160490 -0.04575402 -0.01003944
v 0.03626888 -0.04306691 -0.01249124
v 0.03315907 -0.04474607 -0.00922310
v 0.03541056 -0.04340615 -0.01029094
v 0.03452135 -0.04347233 -0.00850022
v 0.04286991 -0.01959652 -0.04873283
v 0.02447609 -0.04102507 -0.09229586
v 0.02699758 -0.03861955 -0.09022379
v 0.03508378 -0.04400223 -0.01271801
v 0.01954609 -0.04497628 -0.09265134
v 0.03838316 -0.03917140 -0.01767911
v 0.01163547 -0.04779161 -0.10575589
v 0.02584489 -0.03986313 -0.09139372
v 0.01477602 -0.04582032 -0.10410750
v 0.01321028 -0.04681225 -0.10492949
v 0.02427929 -0.04768479 -0.00933797
v 0.02143496 -0.04820356 -0.00855889
v 0.02482877 -0.04755203 -0.00905354
v 0.02021167 -0.04836811 -0.00918964
v 0.02890980 -0.04647949 -0.00918767
v 0.02703048 -0.04703705 -0.01016240
v -0.00737889 -0.05214491 -0.00767949
v -0.01433598 -0.05199038 -0.01124621
v -0.01544062 -0.05194370 -0.01181212
v -0.01862501 -0.05126381 -0.01792966
v -0.01783430 -0.05134140 -0.01977363
v -0.02019469 -0.05076153 -0.01872563
v -0.01900938 -0.05110548 -0.02037212
v -0.02234776 -0.04890909 -0.02878843
v -0.02336477 -0.04842429 -0.02930116
v -0.00902167 -0.05207295 -0.01076925
v -0.02123977 -0.05006648 -0.02374523
v -0.00533928 -0.05180936 -0.00662669
v 0.02971782 -0.04630083 -0.01101795
v 0.03124774 -0.04589505 -0.01022534
v 0.03031304 -0.04594825 -0.00845771
v -0.02181427 -0.04979249 -0.02178664
v -0.00712277 -0.05213430 -0.00754788
v -0.01776691 -0.05147473 -0.01299691
v -0.00745899 -0.05164386 -0.00546297
v -0.01678028 -0.05176536 -0.01249614
v -0.01967220 -0.05062335 -0.01395852
v 0.04399514 0.04765639 -0.09860228
v 0.04214248 0.04935142 -0.09727284
v 0.04389907 0.04726081 -0.09952996
v 0.04487688 0.04569597 -0.09869314
v 0.04357441 0.04604752 -0.10231368
v 0.04335545 0.04548363 -0.10346771
v 0.04191030 0.04675299 -0.10418538
v 0.04496637 0.04595654 -0.09813585
v 0.04230644 0.04870451 -0.09944907
v 0.04442925 0.04447818 -0.10123718
v 0.04542747 0.04796707 -0.09336512
v 0.04642966 0.04629535 -0.09288227
v 0.04660771 0.04725292 -0.09052472
v 0.04342507 0.05032193 -0.08985191
v 0.04723287 0.04498375 -0.09096681
v 0.04616259 0.04534380 -0.09503991
v 0.04683681 0.04376785 -0.09361139
v 0.04671092 0.04814252 -0.08820687
v 0.04652316 0.04876781 -0.08604325
v 0.04749806 0.04627545 -0.08783803
v 0.04755202 0.04712031 -0.08554627
v 0.04794332 0.04489368 -0.08538728
v 0.04774228 0.04391521 -0.08775702
v 0.04703635 0.04217454 -0.09125773
v 0.04569592 0.04132329 -0.09822078
v 0.04581323 0.04156165 -0.09778381
v 0.04811231 0.04663886 -0.08077140
v 0.04799502 0.04464214 -0.08086905
v 0.04794039 0.04727854 -0.07859939
v 0.04748695 0.04785704 -0.08331762
v 0.03975579 -0.03604914 -0.01466801
v 0.03970042 -0.03623618 -0.01469993
v 0.03973296 -0.03613474 -0.01447829
v 0.04280022 -0.02001647 -0.04788182
v 0.04360280 -0.01718509 -0.04877210
v 0.04312439 -0.01825246 -0.05082525
v 0.04386314 -0.01521580 -0.05263744
v 0.04437298 -0.01276128 -0.05232978
v 0.04421540 -0.01384091 -0.05018267
v 0.04437482 -0.01274832 -0.05232859
v 0.04397150 -0.01397038 -0.05497579
v 0.04400663 -0.01281879 -0.05701526
v 0.04401550 -0.01236816 -0.05780411
v 0.04449016 -0.01114939 -0.05531272
v 0.04397367 -0.01017736 -0.06147902
v 0.04387982 -0.00874948 -0.06374858
v 0.04458609 -0.01077017 -0.05443128
v 0.04627313 0.04254582 -0.09592927
v 0.04232918 0.04792933 -0.10170015
v 0.03905524 -0.03823950 -0.01506857
v 0.03891857 -0.03896656 -0.01356500
v 0.03882942 -0.03922459 -0.01295471
v 0.04102339 -0.02059651 -0.06543651
v 0.04448723 -0.01162166 -0.05449799
v 0.04707136 0.04907123 -0.07901164
v 0.04511259 0.05066987 -0.07773847
v 0.03946927 -0.03695015 -0.01258372
v 0.04736054 0.04853806 -0.08112148
v 0.03902851 -0.03863275 -0.01284145
v 0.04520668 0.04690945 -0.09591942
v 0.04560800 0.05012919 -0.08029307
v 0.04612006 0.04521828 -0.09530954
v 0.04733795 0.04533418 -0.09018605
v 0.04523603 0.04290708 -0.10006703
v 0.04363490 -0.01699289 -0.04829146
v 0.04412355 -0.01436401 -0.04911309
v 0.04159886 0.04280899 0.08218245
v 0.04411209 0.04171399 0.08120320
v 0.04272587 0.04303688 0.08051677
v 0.04316072 0.04164565 0.08296200
v 0.04498373 0.03992368 0.08161684
v 0.04473302 0.03612348 0.08591330
v 0.04522917 0.03577832 0.08391319
v 0.04607525 0.03495518 0.07983543
v 0.04679710 0.03660128 0.07574028
v 0.04711628 0.03609536 0.07364634
v 0.04730866 0.03805634 0.07153363
v 0.04665293 0.03309239 0.07335224
v 0.04661551 0.03285629 0.07332861
v 0.04354702 0.01385165 0.06240470
v 0.04265484 0.01062885 0.06413466
v 0.04225173 0.00988933 0.06616216
v 0.04128568 0.00676887 0.06785614
v 0.04223036 0.00861306 0.06387904
v 0.04703273 0.04740232 0.04761781
v 0.04791793 0.04403110 0.05172446
v 0.04810587 0.04263974 0.05375395
v 0.04787203 0.04431589 0.05170625
v 0.04809886 0.04273569 0.05404119
v 0.04771569 0.04496973 0.05388652
v 0.04795872 0.04340423 0.05623005
v 0.04765323 0.04496269 0.05610255
v 0.04769519 0.04396070 0.05835348
v 0.04798620 0.04164296 0.05845930
v 0.04767338 0.04116426 0.06503445
v 0.04744849 0.04175583 0.06717838
v 0.04718529 0.04231259 0.06930200
v 0.04764559 0.03677071 0.06718596
v 0.04805744 0.03912560 0.05844861
v 0.04749962 0.03743397 0.06937172
v 0.04751330 0.03550636 0.06709436
v 0.04732297 0.03460806 0.06899256
v 0.04527101 0.03323425 0.08388691
v 0.04570133 0.03254895 0.08105468
v 0.04484148 0.03026201 0.08361075
v 0.04618028 0.04120513 0.07551019
v 0.04679213 0.04096507 0.07357141
v 0.04563807 0.03277183 0.08181836
v 0.04339993 0.03829047 0.08751818
v 0.04811231 0.03837960 0.05621456
v 0.04811231 0.04096167 0.05626301
v 0.04732263 0.03469111 0.06922943
v 0.04704739 0.03861486 0.07365827
v 0.04561398 0.03970033 0.07968781
v 0.04247001 0.03824160 0.08928834
v 0.04378887 0.03716862 0.08769669
v 0.04031048 0.03608543 0.09488448
v 0.03918159 0.03585583 0.09654917
v 0.04032012 0.03430795 0.09710429
v 0.03796750 0.03376261 0.10038337
v 0.03918115 0.03228297 0.10097832
v 0.04042161 0.03088478 0.09934034
v 0.03792992 0.03194224 0.10257814
v 0.04100996 0.03842209 0.09079080
v 0.03625876 0.02943383 0.10617004
v 0.04250078 0.03648332 0.09151935
v 0.03496870 0.02905783 0.10774927
v 0.03685151 0.02739018 0.10643582
v 0.04550164 0.03974630 0.08004917
v 0.04811100 0.04246578 0.05404236
v 0.04140643 0.03807134 0.09098765
v 0.03948617 0.03088263 0.10110855
v 0.04554042 0.03993398 0.07965445
v 0.04494967 0.04167898 0.07938409
v 0.04729147 0.03451576 0.06921016
v 0.04745254 0.03997327 0.06939522
v 0.04804926 0.03995552 0.05845999
v 0.04592219 0.03739822 0.07980275
v -0.00103703 0.00281155 0.12161995
v -0.00399717 0.00310247 0.12123011
v 0.00028403 0.00406128 0.12246170
v -0.00668507 0.00340336 0.12030973
v -0.00554035 0.00464663 0.12149517
v -0.00588171 0.00743618 0.12283442
v -0.00570807 0.00244891 0.12010220
v -0.00995067 0.00928715 0.12186309
v -0.01110436 0.00804355 0.12069514
v -0.00509483 0.00186091 0.11995296
v -0.00432932 0.00589235 0.12255141
v -0.01003757 0.01719764 0.12265398
v -0.01017666 0.01868576 0.12261054
v -0.00944429 0.01771176 0.12289799
v -0.00824378 0.01615506 0.12330078
v -0.00796611 0.01896723 0.12343352
v -0.00894273 0.02053212 0.12259436
v -0.00697499 0.02180551 0.12217580
v -0.00608695 0.02023739 0.12318760
v -0.00402320 0.02151428 0.12258186
v -0.00496760 0.01867772 0.12374856
v -0.00976294 0.02210273 0.12145038
v -0.01153170 0.02083663 0.12148118
v -0.01243356 0.02240425 0.12049632
v -0.01408706 0.02114235 0.12030244
v -0.01497638 0.02271044 0.11929314
v -0.01656433 0.02145095 0.11897154
v -0.01744314 0.02301941 0.11794178
v -0.01825314 0.02459039 0.11677790
v -0.01973251 0.02333486 0.11624465
v -0.02196644 0.02365235 0.11443949
v -0.02049574 0.02490755 0.11498959
v -0.02251868 0.02083012 0.11484184
v -0.02163561 0.01926181 0.11586332
v -0.02333699 0.02240080 0.11369415
v -0.01803199 0.02019585 0.11841546
v -0.01455630 0.01832317 0.12054307
v -0.01349636 0.01676133 0.12121983
v -0.01598930 0.01706933 0.11991945
v -0.01702021 0.01863224 0.11918610
v -0.01372625 0.01395089 0.12099394
v -0.01616060 0.01426105 0.11957940
v -0.01321202 0.02397639 0.11927096
v -0.02033635 0.02051075 0.11674760
v -0.01893170 0.02616618 0.11535783
v -0.00676086 0.01741071 0.12382707
v -0.01061483 0.01926955 0.12243678
v -0.00249106 0.01556708 0.12440697
v -0.00143648 0.01120301 0.12442022
v -0.00574481 0.01304524 0.12391547
v -0.00591785 0.01023688 0.12357877
v -0.00724004 0.01178913 0.12341313
v -0.00449062 0.00868847 0.12353970
v 0.00013307 0.01246184 0.12477771
v -0.00002551 0.00965401 0.12441284
v 0.00366271 0.01499377 0.12473151
v 0.00234288 0.01654611 0.12456127
v 0.00333497 0.01217975 0.12469633
v -0.00077264 0.01683134 0.12447428
v 0.00053584 0.01527859 0.12466665
v -0.01233414 0.01520323 0.12169724
v -0.00868946 0.02279053 0.12120244
v -0.02199638 0.02371297 0.11439209
v -0.02273243 0.02522494 0.11318983
v -0.02123484 0.02648113 0.11368753
v -0.02414224 0.02397196 0.11252100
v -0.02562604 0.02711890 0.10992778
v -0.02769079 0.02744258 0.10779289
v -0.02820581 0.02462171 0.10812270
v -0.02816738 0.02853513 0.10681988
v -0.02883916 0.01899450 0.10800924
v -0.02014243 0.02932312 0.11223239
v -0.01855967 0.03030765 0.11178277
v -0.02060062 0.03069685 0.11074288
v -0.02062900 0.03090593 0.11043815
v -0.02287155 0.03068170 0.10957740
v -0.01880781 0.03186848 0.10943652
v -0.02537997 0.03153054 0.10737958
v -0.02577707 0.03284351 0.10587895
v -0.02783288 0.03253039 0.10481826
v -0.02837634 0.02901812 0.10638646
v -0.02968695 0.02776876 0.10552430
v -0.02816226 0.03342858 0.10390057
v -0.02968984 0.03217129 0.10346132
v -0.01050451 0.01935557 0.12245489
v -0.01797799 0.03060369 0.11143043
v -0.00871480 0.01053378 0.12287091
v 0.00558913 0.01626564 0.12439344
v 0.00760443 0.01754077 0.12388217
v 0.00699574 0.01471648 0.12439455
v 0.00893332 0.01598876 0.12403475
v 0.00962306 0.01881602 0.12336439
v 0.01269150 0.01837219 0.12309706
v 0.01298747 0.01605896 0.12320551
v 0.01449290 0.01699433 0.12277481
v 0.01296340 0.01853900 0.12301321
v 0.01666876 0.01827534 0.12195062
v 0.01588046 0.01566553 0.12243428
v 0.01589571 0.01532277 0.12243567
v 0.01318423 0.02497431 0.11897735
v 0.01389747 0.02897904 0.11431293
v 0.01371613 0.03017647 0.11260325
v 0.01280323 0.03177315 0.10991659
v 0.01370693 0.03148711 0.11037490
v 0.00135536 0.03150812 0.11078246
v 0.01674375 0.03303713 0.10746573
v 0.01821033 0.03251100 0.10820835
v 0.02030069 0.02468279 0.11812683
v 0.01880778 0.02395762 0.11912959
v 0.01997208 0.02239960 0.11960295
v 0.01840919 0.02376047 0.11938724
v 0.02142480 0.02312181 0.11867431
v 0.02126494 0.02084628 0.11982577
v 0.02239019 0.02141666 0.11913764
v 0.02282525 0.01942173 0.11932343
v 0.02695573 0.01945682 0.11694698
v 0.02684928 0.02129336 0.11692682
v 0.02884969 0.02129200 0.11570499
v 0.03034356 0.02052065 0.11420878
v 0.02873131 0.02220708 0.11566142
v 0.03173639 0.02076303 0.11267978
v 0.03173297 0.02305467 0.11272103
v 0.02828984 0.02438814 0.11547584
v 0.03145522 0.02322262 0.11295719
v 0.02807874 0.02189772 0.11612139
v 0.02703513 0.02583049 0.11485913
v 0.02575148 0.02724655 0.11422707
v 0.02748319 0.01907391 0.11660814
v 0.00592640 0.02870988 0.11532352
v 0.00787540 0.02789820 0.11630830
v 0.00800988 0.02796147 0.11621216
v 0.00488056 0.02903933 0.11479310
v 0.00601883 0.02700760 0.11758721
v 0.00575444 0.02523310 0.11966647
v 0.00411433 0.02607347 0.11884071
v 0.00581255 0.02507908 0.11982075
v 0.00027759 0.02407441 0.12103272
v 0.00152150 0.02272786 0.12194400
v 0.00113505 0.02250517 0.12210410
v 0.00205154 0.02093808 0.12306044
v 0.00300914 0.01937249 0.12393665
v -0.00003366 0.02389729 0.12116800
v 0.00427536 0.02222083 0.12214277
v 0.00029180 0.02597915 0.11912584
v -0.00035251 0.02565198 0.11951821
v -0.00052446 0.02631106 0.11871325
v -0.00325752 0.02594492 0.11902097
v 0.00407117 0.02782051 0.11660314
v -0.00172607 0.02672827 0.11810454
v -0.00351595 0.02729405 0.11719679
v -0.01003881 0.02771937 0.11610617
v -0.01171686 0.02683309 0.11703086
v -0.00617469 0.02651821 0.11806628
v -0.00374959 0.02568603 0.11929496
v 0.00592976 0.02514047 0.11975468
v 0.00970369 0.02697687 0.11722909
v 0.00967942 0.02874106 0.11500153
v 0.01146303 0.02599292 0.11811333
v 0.01052274 0.02156633 0.12204423
v -0.01392359 0.02555097 0.11791525
v 0.00652269 0.02350445 0.12117926
v 0.01610738 0.01545277 0.12237079
v -0.00774981 0.02337778 0.12094334
v -0.01051016 0.02367601 0.12016414
v -0.01161797 0.02643870 0.11752009
v -0.01892588 0.02176375 0.11741510
v 0.01811930 0.01912883 0.12139979
v 0.01736669 0.02102727 0.12104926
v 0.01827113 0.01410261 0.12138337
v 0.02282767 0.01625764 0.11926529
v 0.02017093 0.01520222 0.12061009
v 0.02287108 0.01668934 0.11929567
v 0.02250426 0.01648897 0.11947895
v 0.01785389 0.01111402 0.12103550
v 0.01528019 0.01017555 0.12202326
v 0.01304313 0.01197635 0.12315745
v 0.01574328 0.00983541 0.12173253
v 0.02069417 0.01808982 0.12045322
v 0.02071120 0.01789139 0.12045824
v -0.00189348 0.02279360 0.12184759
v 0.02056206 0.01801854 0.12052171
v 0.00840788 0.01316752 0.12438490
v 0.02453188 0.01482003 0.11786453
v 0.00765184 0.02412266 0.12061917
v 0.01170472 0.00728487 0.12277063
v 0.01224045 0.00763418 0.12266412
v 0.01001756 0.00602174 0.12264235
v 0.01012526 0.01155947 0.12390070
v -0.02499944 0.01833655 0.11284381
v -0.02590591 0.01990401 0.11186792
v -0.02609102 0.01709522 0.11155480
v -0.03018333 0.03375385 0.10168056
v -0.01259599 0.01229160 0.12124921
v 0.03274940 0.02605151 0.11105057
v 0.03347021 0.02849250 0.10921802
v 0.03517554 0.02850127 0.10784495
v 0.03682646 0.02751236 0.10642526
v 0.03256133 0.03024899 0.10878464
v 0.03406756 0.03082134 0.10731999
v -0.01729738 0.01582008 0.11905239
v 0.02914103 0.03052003 0.10928300
v 0.03073993 0.03296281 0.10565280
v 0.03193051 0.03503467 0.10180614
v -0.00265705 0.02436628 0.12059322
v 0.00958131 0.02507947 0.11937891
v 0.00304616 0.00656514 0.12391135
v 0.00160535 0.00531103 0.12330298
v -0.00309480 0.02541280 0.11962580
v 0.03084304 0.03127023 0.10792217
v 0.00507189 0.01344470 0.12472762
v -0.00270601 0.00435111 0.12213019
v -0.02704676 0.01866087 0.11067496
v 0.00743225 0.02193710 0.12214910
v -0.01839948 0.01738038 0.11845779
v -0.02492950 0.03037160 0.10851566
v 0.01751396 0.02110827 0.12097726
v 0.01703071 0.02169158 0.12088934
v -0.00139567 0.00560045 0.12299282
v -0.03160167 0.03250055 0.10102838
v -0.03025309 0.03401995 0.10135622
v 0.02284199 0.01924498 0.11932870
v -0.02926865 0.03448080 0.10186998
v -0.02700130 0.03026982 0.10712301
v -0.01874642 0.01703308 0.11818246
v -0.01850210 0.01457459 0.11798386
v 0.01791767 0.00831433 0.12023727
v 0.01888607 0.01955785 0.12104561
v -0.02854755 0.03481821 0.10224630
v 0.00105409 0.01809958 0.12433053
v -0.01351892 0.02461322 0.11875870
v 0.01017263 0.01429791 0.12397639
v -0.01268956 0.02432115 0.11917875
v 0.03169934 0.02331145 0.11270859
v -0.02247659 0.02963693 0.11062256
v 0.02066103 0.01547766 0.12038720
v -0.01943132 0.01894325 0.11772626
v -0.00550551 0.01585601 0.12412298
v -0.01249314 0.01239538 0.12133320
v 0.00522040 0.02065479 0.12304346
v 0.00078812 0.00609354 0.12350374
v -0.00299206 0.00714267 0.12336159
v -0.00731591 0.00898433 0.12288707
v -0.00157890 0.00839578 0.12402389
v -0.01089050 0.01645744 0.12230010
v -0.01206377 0.01801513 0.12184421
v -0.00701141 0.01459952 0.12364147
v -0.01370204 0.01114975 0.12027283
v -0.01963694 0.01613369 0.11745307
v -0.02463196 0.02115202 0.11280155
v 0.00937640 0.03025203 0.11262619
v 0.01076431 0.02980664 0.11332995
v 0.01340154 0.02874417 0.11466316
v 0.00195256 0.02993436 0.11330756
v 0.02382688 0.02814464 0.11343793
v 0.03086022 0.02949960 0.11014596
v 0.03318268 0.03049047 0.10819572
v 0.01677980 0.02486247 0.11857189
v 0.01549135 0.02423551 0.11943416
v -0.01124130 0.02524988 0.11884654
v -0.01652039 0.02585518 0.11681728
v -0.00553988 0.02466002 0.12005272
v -0.00791301 0.02706831 0.11718469
v -0.00181353 0.02486260 0.12027288
v 0.01623444 0.02266208 0.12072846
v 0.01644559 0.02277265 0.12060940
v 0.01603447 0.02307154 0.12040407
v 0.02457935 0.01512915 0.11789469
v 0.01184828 0.02018831 0.12269849
v 0.01168719 0.02009293 0.12275795
v 0.01221220 0.01944878 0.12287134
v 0.00913051 0.02288376 0.12135461
v 0.00823152 0.01035905 0.12405469
v 0.01512819 0.00946145 0.12193187
v 0.01366350 0.00855793 0.12236948
v 0.01475720 0.00773925 0.12170920
v 0.01195641 0.01289812 0.12362794
v 0.00429168 0.01781880 0.12417958
v 0.03323910 0.04206142 -0.11431348
v 0.03403409 0.04348908 -0.11278426
v 0.03469916 0.04051421 -0.11441655
v 0.03571429 0.04175276 -0.11297853
v 0.03062669 0.04236506 -0.11538101
v 0.03715663 0.04020490 -0.11304704
v 0.03640250 0.03936239 -0.11389470
v 0.03705223 0.03739906 -0.11351750
v 0.03821154 0.03864288 -0.11236049
v 0.03777147 0.03582476 -0.11217673
v 0.03814876 0.04144260 -0.11156423
v 0.03657808 0.03457969 -0.11326733
v 0.03889882 0.03706741 -0.11095743
v 0.03218781 0.04082155 -0.11568104
v 0.03470562 0.03491040 -0.11577701
v 0.03377696 0.03647704 -0.11670961
v 0.03346388 0.03366356 -0.11677337
v 0.03254524 0.03523057 -0.11772551
v 0.03247523 0.03803004 -0.11691515
v 0.03131699 0.03678626 -0.11807425
v 0.03126517 0.03398234 -0.11864718
v 0.03007750 0.03553951 -0.11907500
v 0.02990014 0.03273099 -0.11940328
v 0.02877168 0.03429032 -0.11994649
v 0.02847863 0.03147758 -0.12004927
v 0.02739323 0.03303849 -0.12067641
v 0.02699047 0.03022173 -0.12056537
v 0.02873692 0.03709108 -0.11920479
v 0.02614825 0.03459356 -0.12099253
v 0.02477177 0.03334180 -0.12172630
v 0.02451259 0.03053030 -0.12189510
v 0.02335566 0.03208859 -0.12238283
v 0.02298217 0.02927290 -0.12232883
v 0.02209940 0.03364325 -0.12267697
v 0.02187747 0.03083311 -0.12291836
v 0.02480012 0.03614486 -0.12110763
v 0.03213087 0.03241339 -0.11759186
v 0.01815910 0.02549225 -0.12317823
v 0.04452927 0.04167981 -0.10210606
v 0.03345976 -0.02169039 -0.09182000
v 0.03427445 -0.02073902 -0.09078711
v 0.03189681 -0.02569220 -0.09269704
v 0.02817687 -0.02977115 -0.09665943
v 0.02703930 -0.03119969 -0.09754095
v 0.02654458 -0.03497304 -0.09561738
v 0.02593169 -0.03282620 -0.09813978
v 0.02696833 -0.03101677 -0.09772052
v 0.02633093 -0.02943947 -0.09922079
v 0.02878631 -0.03175674 -0.09440682
v 0.01572327 -0.04224081 -0.10655256
v 0.01435464 -0.04349228 -0.10730161
v 0.00809019 -0.04412444 -0.11082694
v 0.00629761 -0.04539142 -0.11074972
v 0.00909945 -0.04568814 -0.11005141
v 0.01707323 -0.04099002 -0.10576711
v 0.02806878 -0.02946497 -0.09698018
v 0.03476809 -0.02232157 -0.08900663
v 0.03488242 -0.02218434 -0.08885110
v 0.03312300 -0.02638518 -0.08989083
v 0.03553488 -0.02027741 -0.08848055
v 0.03513881 -0.02373768 -0.08650049
v 0.03439823 0.04350178 -0.11259719
v 0.00643463 -0.04561114 -0.11063170
v 0.00778033 -0.04660829 -0.10995994
v 0.00968559 -0.04695354 -0.10898885
v 0.01146243 -0.04600090 -0.10849776
v 0.01034350 -0.04686208 -0.10864956
v 0.03133125 -0.03155622 -0.08860084
v 0.00139988 0.02847585 -0.12405276
v 0.00340338 0.02726724 -0.12430861
v 0.00292611 0.02941578 -0.12451318
v 0.03600227 -0.02352059 -0.08380518
v 0.03968674 -0.01721899 -0.07730003
v 0.04016785 -0.01651618 -0.07628916
v 0.04006193 -0.01593603 -0.07708344
v 0.04035297 -0.01763705 -0.07471781
v 0.04037719 -0.01810913 -0.07395461
v 0.04045099 -0.01970704 -0.07135589
v 0.04046577 -0.02038907 -0.07021516
v 0.04122324 -0.01827756 -0.06978688
v 0.04195209 -0.01612642 -0.06937254
v 0.04195795 -0.01724909 -0.06745994
v 0.04193653 -0.01564927 -0.07016075
v 0.04061267 -0.01379583 -0.07676070
v 0.04195351 -0.01742626 -0.06714801
v 0.04178985 -0.01849746 -0.06500386
v 0.03608270 -0.01851198 -0.08816633
v 0.03129343 -0.03045554 -0.09041545
v 0.04252902 -0.01506270 -0.06680837
v 0.04252707 -0.01442625 -0.06789521
v 0.04352476 -0.01358753 -0.06026416
v 0.03503121 -0.02403836 -0.08656134
v 0.03422000 -0.02607543 -0.08701579
v 0.00937935 0.02636870 -0.12454389
v 0.00806115 0.02792110 -0.12471730
v 0.03117101 -0.03263214 -0.08645505
v 0.04117138 -0.01687867 -0.07208599
v 0.03291064 0.04552844 -0.11107420
v 0.04375937 0.04325226 -0.10334810
v 0.04293472 0.04202068 -0.10515735
v 0.04293876 0.04482285 -0.10449130
v 0.04166606 0.04637691 -0.10475341
v 0.03767729 0.04422738 -0.10997140
v 0.03907311 0.04267783 -0.10994926
v 0.03992632 0.04791389 -0.10410525
v 0.03607261 0.04581857 -0.10944638
v -0.00375347 0.03028717 -0.12291063
v -0.00601813 0.03142495 -0.12232003
v -0.00331473 0.03310524 -0.12309179
v 0.01901758 0.02615267 -0.12306265
v 0.01768569 0.02752491 -0.12372027
v 0.01707955 0.02705338 -0.12381679
v 0.01978387 0.02675309 -0.12292840
v 0.01869809 0.02831399 -0.12355480
v 0.01754700 0.02987250 -0.12405392
v 0.01922816 0.03393743 -0.12324004
v 0.01649114 0.03115807 -0.12426501
v -0.00226780 0.02874089 -0.12306358
v 0.02064847 0.03238877 -0.12326564
v -0.00010786 0.03002131 -0.12385677
v 0.01245303 0.02608193 -0.12437537
v 0.01423226 0.02734842 -0.12442655
v 0.02747294 0.03584343 -0.12015784
v 0.03514070 -0.02548791 -0.08428416
v 0.04477824 0.04051665 -0.10058267
v 0.04572506 0.04412638 -0.09760365
v 0.04726704 0.04268768 -0.09027210
v 0.04754272 0.04339448 -0.08882815
v 0.02747708 -0.03050275 -0.09730325
v 0.04108011 0.03955001 -0.10837574
v 0.03082030 -0.03103837 -0.09110150
v 0.02851458 0.03994353 -0.11793102
v 0.01593259 0.02861204 -0.12432394
v 0.03313666 -0.02643766 -0.08982666
v 0.03359456 0.03927239 -0.11568020
v 0.00344467 0.02975205 -0.12462152
v 0.03921815 0.03988110 -0.11090587
v 0.01211274 -0.04317509 -0.10909126
v 0.02606376 0.03739250 -0.12015394
v 0.01062553 -0.04443090 -0.10960922
v 0.04378702 0.04329358 -0.10328737
v 0.02730866 0.03863945 -0.11916373
v 0.03031116 -0.03200607 -0.09138089
v 0.04098997 -0.01535868 -0.07434822
v 0.01468716 -0.04439934 -0.10637466
v 0.02649028 0.03943274 -0.11897925
v 0.03597266 0.04582740 -0.10949750
v 0.03518725 0.04453550 -0.11127742
v 0.04020473 0.04111861 -0.10941221
v 0.04266573 0.03920882 -0.10530705
v 0.01292271 -0.04474607 -0.10792731
v 0.03165855 -0.02625308 -0.09282981
v 0.03024768 -0.03169521 -0.09179380
v 0.02985989 -0.03008311 -0.09382456
v 0.04219443 -0.01513564 -0.06922961
v 0.04205238 -0.01705091 -0.06709024
f 1014 842 872
f 872 1034 1014
f 932 947 872
f 1179 41 1180
f 1180 1136 1179
f 1196 41 1112
f 1196 1180 41
f 31 1112 30
f 1112 41 30
f 169 170 167
f 772 903 928
f 822 772 928
f 692 693 688
f 688 693 929
f 929 1120 688
f 688 1120 758
f 947 1034 931
f 931 872 947
f 1034 872 931
f 1069 1196 1112
f 1189 1204 1188
f 800 799 796
f 876 917 916
f 1179 1136 1184
f 1136 1197 1184
f 1673 1683 881
f 1136 1180 1182
f 1180 1196 1201
f 1201 1182 1180
f 1196 1069 1201
f 1136 1182 1201
f 1230 1764 1704
f 744 752 749
f 410 324 438
f 765 704 1534
f 1534 704 751
f 165 168 167
f 116 126 113
f 115 116 113
f 1232 1226 1235
f 57 1219 54
f 49 48 53
f 1684 1683 1673
f 1684 1685 1135
f 1672 1742 1732
f 1260 607 1290
f 1290 607 642
f 658 605 612
f 1335 1316 1232
f 1294 1316 1335
f 1232 1316 1315
f 1315 1233 1232
f 1312 1302 489
f 489 1302 642
f 616 486 656
f 10 669 590
f 670 484 494
f 494 567 670
f 999 1015 1011
f 585 583 167
f 167 168 585
f 584 168 871
f 925 928 939
f 1039 996 1046
f 693 692 945
f 932 693 945
f 930 929 693
f 759 692 688
f 759 1050 692
f 1033 1050 968
f 968 1049 1033
f 1040 1049 968
f 1033 955 951
f 1061 1119 332
f 1119 1061 1071
f 1115 1119 1070
f 1119 1071 1070
f 712 1061 332
f 903 902 924
f 924 902 851
f 851 902 865
f 796 799 798
f 811 815 812
f 807 818 912
f 807 812 810
f 807 912 811
f 811 812 807
f 810 812 821
f 859 882 921
f 831 895 833
f 833 895 837
f 895 916 837
f 876 916 915
f 915 916 894
f 894 916 838
f 838 916 895
f 838 831 894
f 895 831 838
f 11 474 1449
f 652 669 10
f 511 1323 504
f 494 484 493
f 493 486 494
f 1003 955 1033
f 1005 955 1003
f 978 956 1008
f 972 1045 1008
f 1161 1162 1154
f 1198 1197 1136
f 1136 1162 1198
f 1198 1184 1197
f 1181 41 1179
f 1179 1184 1181
f 1181 1184 41
f 1675 1129 1130
f 22 1139 1193
f 26 860 792
f 792 860 857
f 1153 1149 1150
f 1635 1675 1637
f 1228 1250 1251
f 1156 1127 1128
f 1161 1154 1175
f 1306 1315 1303
f 1703 1764 1230
f 1696 1764 1703
f 1230 1659 1269
f 1745 1659 1230
f 1265 1208 1206
f 725 747 719
f 744 749 761
f 1352 741 752
f 740 741 1352
f 730 1344 736
f 410 728 726
f 410 438 328
f 1392 1398 1397
f 1349 1345 1354
f 1348 1345 1349
f 1351 1352 1349
f 1349 1352 752
f 694 755 764
f 764 707 694
f 1040 1534 1555
f 740 1534 742
f 742 1534 751
f 101 208 166
f 166 208 109
f 166 165 167
f 167 170 166
f 166 170 101
f 111 126 203
f 113 126 111
f 203 885 111
f 111 885 127
f 171 168 164
f 164 885 171
f 127 885 164
f 168 165 164
f 103 102 109
f 112 115 113
f 112 110 175
f 200 182 179
f 221 181 182
f 221 222 161
f 182 222 221
f 130 181 221
f 234 181 130
f 130 129 234
f 891 905 823
f 825 905 114
f 114 885 203
f 1232 1233 1227
f 1268 1227 1228
f 611 1290 642
f 6 1290 611
f 642 1302 611
f 1302 1297 611
f 1291 1294 1232
f 1295 611 1297
f 1207 57 1214
f 1219 57 1207
f 192 182 200
f 1206 57 1216
f 1216 1265 1206
f 482 49 63
f 51 49 53
f 51 65 62
f 62 63 51
f 51 63 49
f 608 607 1260
f 1260 1261 608
f 1260 1224 50
f 50 1224 54
f 54 1219 215
f 1219 1207 215
f 132 221 161
f 130 221 132
f 160 129 194
f 1732 1742 1753
f 1753 1742 97
f 1674 1684 1673
f 1673 1672 1674
f 1685 1684 1674
f 1674 1672 1653
f 1760 1686 1674
f 1674 1686 1685
f 638 506 499
f 504 1323 1329
f 1323 1336 1329
f 1275 1329 1336
f 504 1329 1275
f 1273 1275 1320
f 1320 1275 1336
f 497 500 499
f 604 638 500
f 612 506 604
f 506 638 604
f 1279 1281 1280
f 1318 1280 1281
f 1232 1294 1292
f 1292 1335 1232
f 1294 1335 1292
f 1303 1315 1304
f 1304 1315 1316
f 1312 489 1311
f 1339 1311 489
f 657 489 642
f 605 658 657
f 1299 1316 1294
f 1296 1295 1297
f 1296 1299 1294
f 1300 1299 1296
f 505 507 616
f 499 506 679
f 669 493 649
f 475 474 11
f 11 590 475
f 494 486 483
f 483 567 494
f 484 670 485
f 485 670 567
f 522 648 586
f 583 585 514
f 521 620 514
f 482 513 555
f 586 648 580
f 580 170 586
f 648 555 580
f 580 555 513
f 580 63 170
f 580 513 482
f 482 63 580
f 992 987 1010
f 992 1042 987
f 999 990 989
f 997 990 999
f 999 1002 997
f 1025 1011 1015
f 1025 1010 1026
f 1025 992 1010
f 1015 992 1025
f 1052 1029 573
f 1000 1002 999
f 171 885 892
f 892 168 171
f 892 871 168
f 584 871 892
f 521 514 517
f 517 514 585
f 521 517 515
f 515 517 584
f 946 945 692
f 932 945 1060
f 1060 947 932
f 945 946 1060
f 1060 1050 947
f 1060 946 1050
f 947 965 964
f 724 731 1065
f 1187 1061 1204
f 1187 1204 1189
f 1189 1139 1187
f 1104 689 690
f 1065 689 1104
f 1066 1065 1104
f 690 758 1104
f 1104 758 1120
f 1202 1188 1204
f 1202 1190 1188
f 1202 1067 1190
f 939 928 934
f 811 912 771
f 912 914 771
f 771 815 811
f 851 865 844
f 1014 851 844
f 841 872 842
f 834 872 841
f 902 914 836
f 836 865 902
f 833 830 829
f 829 830 827
f 829 831 833
f 805 820 794
f 794 835 805
f 805 835 818
f 794 820 806
f 800 820 804
f 818 807 804
f 804 805 818
f 820 805 804
f 776 806 883
f 883 806 820
f 790 820 800
f 790 883 820
f 795 835 794
f 827 835 795
f 912 818 913
f 818 835 913
f 864 806 776
f 826 797 796
f 796 798 826
f 814 812 815
f 814 821 812
f 825 821 814
f 1673 881 897
f 897 881 922
f 897 1690 1673
f 923 922 188
f 923 897 922
f 1738 1689 923
f 923 1689 1690
f 1690 897 923
f 796 797 918
f 863 845 847
f 847 845 846
f 882 859 856
f 828 862 894
f 894 831 828
f 828 829 827
f 831 829 828
f 1360 1359 1362
f 1484 1362 1572
f 1492 1489 1491
f 1504 1614 1527
f 1556 1614 1504
f 510 652 613
f 504 669 503
f 669 652 503
f 652 510 503
f 503 510 613
f 566 652 10
f 11 652 566
f 10 590 566
f 566 590 11
f 512 511 504
f 504 503 512
f 512 503 613
f 655 493 491
f 655 656 486
f 486 493 655
f 499 679 655
f 655 679 656
f 967 1049 1040
f 1040 980 967
f 967 980 1005
f 1033 1049 1004
f 1004 1003 1033
f 1005 1003 1004
f 1004 967 1005
f 1049 967 1004
f 1008 956 1030
f 1030 956 573
f 573 1029 1030
f 1008 954 1007
f 1007 972 1008
f 1045 972 971
f 971 972 1005
f 1008 1045 973
f 973 974 1008
f 977 978 1008
f 1008 974 977
f 1323 511 1325
f 1469 1466 1541
f 1611 1556 1582
f 1611 1582 1484
f 41 1184 1183
f 1184 1198 1183
f 857 860 899
f 899 860 26
f 774 22 26
f 1139 22 774
f 1135 1136 1137
f 877 792 857
f 877 859 921
f 921 922 877
f 922 881 877
f 881 792 877
f 1074 693 932
f 1074 930 693
f 932 872 1077
f 833 837 1077
f 1077 834 833
f 1077 872 834
f 1110 899 26
f 1155 1127 1156
f 40 34 31
f 31 30 40
f 40 30 41
f 41 1183 40
f 40 1183 34
f 1164 1163 1166
f 1164 1198 1162
f 1164 1162 1161
f 1161 1163 1164
f 1166 1168 39
f 47 1159 1167
f 1163 47 1167
f 46 44 1167
f 1167 1159 46
f 1166 1163 1167
f 1167 1168 1166
f 1716 1149 1688
f 1688 1150 1716
f 1716 1150 1149
f 1699 1150 1744
f 1713 1692 1744
f 1688 1713 1744
f 1744 1150 1688
f 1706 1150 1705
f 1171 1156 1176
f 1176 1147 1171
f 1152 1147 1149
f 1149 1147 1146
f 1705 1246 1242
f 1249 1250 1228
f 1176 1156 1141
f 1156 1128 1141
f 1125 1141 1128
f 1135 1133 1134
f 1134 1136 1135
f 1158 1149 1153
f 1158 1152 1149
f 1717 4 1696
f 1696 1703 1717
f 1717 1703 4
f 4 1703 1151
f 1705 1150 1151
f 1151 1150 1699
f 1267 1221 1222
f 1253 1269 1222
f 1222 1229 1253
f 713 712 332
f 1581 1351 1430
f 1430 1384 1581
f 433 730 410
f 1344 730 433
f 410 328 433
f 433 328 1344
f 434 728 410
f 410 730 434
f 434 730 728
f 728 730 1353
f 1353 730 736
f 736 1344 1554
f 1344 1561 1554
f 1554 1345 736
f 1554 1561 1354
f 1354 1345 1554
f 727 746 725
f 728 746 727
f 725 726 727
f 727 726 728
f 443 329 326
f 324 323 326
f 326 438 324
f 1585 1349 1396
f 1396 1394 1585
f 1585 1394 1430
f 1430 1351 1585
f 1351 1349 1585
f 694 707 757
f 707 735 757
f 751 704 705
f 705 704 765
f 969 968 1050
f 1050 754 969
f 1040 968 969
f 1051 754 1050
f 1051 759 688
f 1050 759 1051
f 1568 1534 740
f 113 111 879
f 879 111 127
f 879 112 113
f 110 112 879
f 173 125 175
f 102 125 173
f 165 166 174
f 174 110 165
f 174 166 109
f 109 102 174
f 102 173 174
f 175 110 174
f 174 173 175
f 109 208 108
f 182 181 180
f 180 179 182
f 181 179 180
f 176 125 102
f 200 179 177
f 177 176 200
f 125 176 177
f 123 125 181
f 181 234 128
f 1223 1235 1226
f 1223 1216 57
f 1223 57 54
f 54 1224 1223
f 1222 1221 1220
f 1221 1268 1220
f 1228 1222 1220
f 1220 1268 1228
f 6 611 7
f 611 1295 7
f 1232 1234 7
f 7 1290 6
f 7 1234 1290
f 206 93 100
f 133 132 134
f 83 93 206
f 1208 1265 1213
f 1221 1267 1213
f 1213 1267 1209
f 607 608 606
f 642 607 606
f 606 657 642
f 605 657 606
f 54 1261 1266
f 1266 50 54
f 1266 1261 1260
f 1260 50 1266
f 52 1261 54
f 54 215 52
f 52 215 1261
f 48 1261 64
f 1261 215 64
f 53 48 64
f 64 215 53
f 161 222 157
f 157 228 161
f 161 228 142
f 142 132 161
f 142 134 132
f 130 132 131
f 131 132 133
f 131 129 130
f 131 194 129
f 1671 1643 1657
f 1657 1670 1671
f 1637 1675 1657
f 1675 1670 1657
f 1135 1685 1687
f 1685 1686 1687
f 1687 1133 1135
f 1687 1686 1133
f 1673 1714 1741
f 1741 1672 1673
f 1742 1672 1741
f 1643 1645 1646
f 1734 1753 1735
f 1735 1753 97
f 1732 1753 1731
f 1731 1753 1734
f 1731 1730 1732
f 1734 1730 1731
f 1658 1672 1732
f 1732 1730 1658
f 1658 1730 1672
f 1733 1734 1653
f 1733 1730 1734
f 1653 1672 1733
f 1672 1730 1733
f 499 500 502
f 502 638 499
f 500 638 502
f 1273 1320 1314
f 1314 1339 1273
f 1276 1339 1314
f 403 1277 1276
f 403 424 1277
f 500 497 501
f 501 604 500
f 618 497 499
f 1279 1280 1278
f 1342 1299 1300
f 1342 1300 1303
f 1303 1304 1342
f 1342 1304 1316
f 1316 1299 1342
f 1298 1297 1302
f 1302 1296 1298
f 1298 1296 1297
f 1301 1296 1302
f 1300 1296 1301
f 508 679 506
f 656 679 508
f 507 505 508
f 616 656 508
f 508 505 616
f 591 590 669
f 669 649 591
f 589 649 493
f 589 493 484
f 595 475 590
f 578 1448 478
f 648 522 682
f 587 514 620
f 587 522 586
f 620 522 587
f 583 514 587
f 167 583 587
f 587 169 167
f 586 170 587
f 170 169 587
f 482 555 509
f 509 555 645
f 509 49 482
f 509 650 49
f 986 966 1010
f 1010 987 986
f 987 1042 986
f 1014 1034 986
f 986 1042 1014
f 1041 1043 996
f 1014 1042 1041
f 995 1014 1041
f 1041 996 995
f 991 1015 999
f 999 989 991
f 991 992 1015
f 998 997 1002
f 998 641 552
f 1002 641 998
f 1029 1052 1027
f 1011 1025 1027
f 1027 1052 1011
f 1027 1025 1026
f 1024 1052 573
f 1002 1000 1024
f 565 563 624
f 549 1057 550
f 552 641 640
f 640 624 603
f 640 565 624
f 640 641 573
f 573 565 640
f 538 684 554
f 616 558 671
f 671 486 616
f 671 483 486
f 567 483 671
f 671 540 567
f 636 664 561
f 561 664 560
f 1022 1021 995
f 995 996 1022
f 1022 1039 1019
f 996 1039 1022
f 584 517 647
f 647 517 585
f 647 168 584
f 647 585 168
f 678 515 584
f 584 892 678
f 892 635 678
f 692 1050 985
f 985 946 692
f 1050 946 985
f 983 1034 947
f 947 964 983
f 983 964 1034
f 960 1050 1033
f 1050 950 962
f 947 1050 962
f 962 965 947
f 952 951 955
f 952 953 951
f 955 984 952
f 952 984 953
f 1065 731 763
f 763 689 1065
f 1123 1062 1063
f 1061 1062 1123
f 1204 1061 1123
f 1123 1202 1204
f 1067 1202 1123
f 1205 1067 1066
f 1190 1067 1205
f 1185 1061 1186
f 1061 1187 1186
f 1186 1194 1185
f 1079 1081 1089
f 1203 1070 1071
f 1203 1068 1070
f 1203 1071 1061
f 1069 1068 1203
f 1203 1061 1185
f 1185 1201 1203
f 1203 1201 1069
f 1193 1139 1192
f 1191 1139 1189
f 1189 1188 1191
f 1188 1190 1191
f 1066 1104 1101
f 1090 1089 1087
f 1090 1101 1104
f 1066 1101 1090
f 1012 924 851
f 1012 851 1014
f 1012 1014 995
f 995 1021 1012
f 927 934 928
f 927 928 903
f 903 924 927
f 1019 1039 1020
f 1039 677 1020
f 906 771 914
f 906 902 903
f 906 914 902
f 815 771 906
f 834 841 840
f 840 841 865
f 833 834 840
f 840 865 833
f 843 844 865
f 865 841 843
f 843 841 842
f 843 842 1014
f 1014 844 843
f 833 865 839
f 865 836 839
f 911 914 912
f 911 836 914
f 911 830 833
f 912 913 911
f 911 913 835
f 827 830 911
f 911 835 827
f 800 804 801
f 801 804 807
f 799 800 801
f 801 808 799
f 827 795 852
f 852 828 827
f 862 828 852
f 802 826 798
f 875 814 815
f 875 905 825
f 825 814 875
f 875 823 905
f 875 815 822
f 822 823 875
f 1727 1689 1738
f 1727 923 188
f 1738 923 1727
f 846 845 873
f 873 918 846
f 848 845 863
f 846 918 919
f 776 883 786
f 785 878 922
f 857 856 858
f 858 856 859
f 858 877 857
f 859 877 858
f 1523 1506 1361
f 1360 1362 1361
f 1361 1365 1360
f 1484 1582 1483
f 1582 1556 1483
f 1504 1527 1480
f 1397 1403 1391
f 1391 1580 1397
f 1580 1391 1402
f 1402 1391 1403
f 1393 1392 1397
f 1397 1580 1393
f 1393 1394 1392
f 1428 1359 1360
f 1428 1390 1359
f 1498 1527 1548
f 1548 1499 1498
f 1504 1480 1481
f 327 395 404
f 327 326 329
f 438 326 327
f 327 328 438
f 392 395 439
f 427 418 1327
f 336 333 420
f 11 1449 621
f 1449 651 621
f 613 652 614
f 1545 614 651
f 1445 1444 1545
f 1552 1541 1545
f 1541 614 1545
f 14 665 628
f 957 954 1008
f 1008 1030 957
f 957 1030 1029
f 1029 1027 957
f 1026 954 957
f 957 1027 1026
f 1532 1555 1534
f 976 1571 617
f 617 628 956
f 956 978 617
f 978 976 617
f 576 574 579
f 972 1007 1055
f 1055 1007 954
f 975 976 978
f 978 977 975
f 975 977 974
f 975 1571 976
f 975 1535 1563
f 1328 1325 1542
f 511 512 1542
f 1542 1325 511
f 1542 512 613
f 613 614 1542
f 1598 1541 1552
f 1598 1470 1469
f 1469 1541 1598
f 1331 418 380
f 380 1314 1331
f 1331 1314 1320
f 1331 1320 1336
f 861 899 876
f 876 915 861
f 857 899 861
f 861 862 857
f 894 862 861
f 861 915 894
f 1116 899 1111
f 1683 1684 898
f 898 1684 1135
f 1135 1137 898
f 24 1137 1136
f 26 792 23
f 23 774 26
f 23 792 881
f 1139 774 23
f 23 881 1683
f 1683 898 23
f 1080 1074 932
f 1120 929 1114
f 1106 1079 1116
f 1106 1081 1079
f 1085 1110 1092
f 26 22 1107
f 1107 1110 26
f 1107 22 1193
f 1193 1110 1107
f 1165 1159 47
f 1157 1165 1156
f 1156 1171 1157
f 1157 1171 1147
f 1147 1152 1157
f 1152 1158 1157
f 1160 1163 1161
f 1161 1175 1160
f 37 35 33
f 1166 39 37
f 38 1164 1166
f 1166 37 38
f 306 429 430
f 420 333 430
f 304 429 306
f 42 1167 44
f 1168 1167 42
f 1168 42 464
f 44 257 464
f 464 42 44
f 28 34 29
f 29 314 28
f 31 34 28
f 443 302 400
f 308 302 443
f 1698 1151 1699
f 1699 1744 1698
f 1698 1744 1692
f 4 1151 1698
f 1239 1150 1258
f 1150 1706 1258
f 1148 1147 1176
f 1148 1146 1147
f 1665 1129 1675
f 1665 1145 1129
f 1763 1146 1145
f 1145 1773 1763
f 1149 1146 1763
f 1688 1149 1763
f 1770 1659 1707
f 1659 1745 1707
f 1707 1745 1230
f 1776 1246 1705
f 1776 1711 1246
f 1705 1242 1241
f 1250 1249 1248
f 1228 1227 1252
f 1252 1249 1228
f 1252 1227 1233
f 1233 1315 1252
f 1124 1128 1127
f 1124 1125 1128
f 1127 1175 1124
f 1136 1134 1140
f 1140 1134 1175
f 1140 1175 1154
f 1140 1162 1136
f 1140 1154 1162
f 363 43 1257
f 372 362 363
f 363 445 372
f 1270 1236 1240
f 1240 1241 1242
f 1257 1157 1256
f 1256 1157 1158
f 1303 1281 1317
f 1317 1306 1303
f 1153 1150 1174
f 1174 1158 1153
f 1150 1256 1174
f 1174 1256 1158
f 1775 1703 1230
f 1747 1229 1222
f 1700 1151 1703
f 1269 1215 1746
f 1222 1269 1746
f 1746 1267 1222
f 1746 1215 1209
f 1209 1267 1746
f 1231 1253 1229
f 1231 1775 1230
f 1229 1775 1231
f 1230 1269 1231
f 1269 1253 1231
f 760 718 744
f 744 761 760
f 761 701 760
f 717 715 747
f 718 760 711
f 409 321 322
f 322 323 409
f 410 726 409
f 726 321 409
f 409 324 410
f 409 323 324
f 1590 1352 1351
f 740 1352 1590
f 1590 1568 740
f 1390 21 1588
f 728 1353 738
f 738 1353 752
f 736 1345 737
f 737 1353 736
f 1346 1561 1344
f 1346 1550 1561
f 404 395 1549
f 395 392 1549
f 1549 392 439
f 328 327 390
f 390 327 404
f 404 1549 390
f 390 1549 1550
f 453 308 443
f 302 308 453
f 733 735 707
f 733 757 735
f 734 694 733
f 694 757 733
f 1032 969 754
f 734 733 745
f 690 686 745
f 745 758 690
f 745 685 758
f 745 694 734
f 745 686 694
f 754 1051 959
f 1384 1382 1543
f 165 110 163
f 110 879 163
f 163 879 127
f 163 164 165
f 127 164 163
f 104 103 109
f 104 108 103
f 178 177 179
f 125 177 178
f 178 179 181
f 181 125 178
f 119 123 122
f 122 123 181
f 122 128 119
f 181 128 122
f 119 118 117
f 117 123 119
f 125 123 117
f 116 115 117
f 117 118 116
f 115 112 117
f 117 112 175
f 175 125 117
f 1263 1223 1224
f 1263 1224 1260
f 1235 1223 1263
f 1232 1235 1263
f 1260 1290 1263
f 1290 1234 1263
f 1263 1234 1232
f 1217 1268 1221
f 1265 1216 1217
f 1221 1213 1217
f 1217 1213 1265
f 1227 1268 1225
f 1225 1223 1226
f 1232 1227 1225
f 1225 1226 1232
f 1293 7 1295
f 1295 1296 1293
f 1293 1291 1232
f 1232 7 1293
f 1294 1291 1293
f 1293 1296 1294
f 1206 1208 199
f 108 59 106
f 107 106 59
f 200 176 107
f 107 192 200
f 102 103 107
f 107 176 102
f 206 100 1718
f 1718 100 191
f 1723 1624 1682
f 99 222 182
f 182 192 99
f 99 157 222
f 100 157 99
f 192 107 99
f 99 107 60
f 1768 186 191
f 1768 1726 1723
f 1723 1682 1768
f 144 134 143
f 143 158 144
f 144 210 134
f 133 134 135
f 135 131 133
f 194 131 135
f 91 218 93
f 75 151 218
f 218 91 75
f 93 83 75
f 75 91 93
f 193 143 93
f 193 158 143
f 93 218 92
f 218 158 92
f 92 193 93
f 158 193 92
f 1630 1632 1635
f 507 508 653
f 653 508 506
f 650 509 653
f 49 650 653
f 643 506 612
f 643 653 506
f 612 605 643
f 605 606 643
f 609 608 1261
f 1261 610 609
f 228 157 89
f 89 157 100
f 93 143 159
f 159 142 93
f 143 134 159
f 134 142 159
f 93 142 90
f 90 142 228
f 228 89 90
f 90 100 93
f 90 89 100
f 212 129 160
f 212 162 129
f 809 807 810
f 809 801 807
f 808 801 809
f 810 821 809
f 821 813 809
f 887 808 809
f 1647 1645 1760
f 1758 1643 1671
f 1758 1645 1643
f 1671 1771 1758
f 1760 1645 1758
f 1758 1686 1760
f 1758 1771 1686
f 1686 1771 1765
f 1131 1133 1765
f 1133 1686 1765
f 1765 1771 1671
f 1765 1130 1131
f 1671 1670 1765
f 1675 1130 1765
f 1765 1670 1675
f 1690 1689 1691
f 1690 1691 211
f 211 1691 1756
f 1673 1690 211
f 211 1714 1673
f 97 1742 98
f 98 84 97
f 1714 84 98
f 1742 1741 98
f 98 1741 1714
f 69 84 1756
f 1272 669 504
f 504 1275 1272
f 1272 492 491
f 491 493 1272
f 369 418 427
f 427 424 369
f 380 418 369
f 369 403 380
f 1276 1277 1334
f 1277 1319 1334
f 1334 1339 1276
f 380 403 1321
f 1321 403 1276
f 1321 1314 380
f 1276 1314 1321
f 644 501 497
f 644 498 658
f 497 498 644
f 644 658 612
f 612 604 644
f 487 498 497
f 1273 1339 487
f 1280 1318 1343
f 1343 1278 1280
f 1343 1318 1312
f 1312 1319 1343
f 1343 1319 1277
f 1277 1278 1343
f 398 1278 1277
f 398 1308 1279
f 1279 1278 398
f 424 381 398
f 1277 424 398
f 1303 1300 1341
f 1300 1301 1341
f 1341 1301 1302
f 1312 1318 1341
f 1341 1302 1312
f 1279 1308 1313
f 1313 1281 1279
f 1313 1309 1281
f 649 589 481
f 481 591 649
f 481 589 484
f 590 591 481
f 474 475 476
f 476 478 474
f 477 1449 474
f 474 478 477
f 477 478 1449
f 681 522 620
f 681 682 522
f 994 1041 990
f 988 991 989
f 988 1041 1042
f 1042 992 988
f 992 991 988
f 988 989 990
f 990 1041 988
f 990 997 993
f 997 998 993
f 993 994 990
f 998 994 993
f 1056 677 1038
f 1057 677 1056
f 1056 998 552
f 1052 1024 1001
f 1001 1024 1000
f 1001 1000 999
f 999 1011 1001
f 1011 1052 1001
f 573 641 673
f 673 1024 573
f 673 641 1002
f 1002 1024 673
f 601 624 636
f 672 565 573
f 563 565 672
f 533 550 675
f 552 640 1058
f 1058 550 1057
f 1058 1056 552
f 1057 1056 1058
f 553 640 603
f 553 1058 640
f 551 550 553
f 550 1058 553
f 560 664 559
f 559 561 560
f 558 561 559
f 636 624 663
f 572 665 582
f 582 599 598
f 570 485 567
f 484 485 570
f 570 481 484
f 570 595 590
f 590 481 570
f 557 558 616
f 616 684 557
f 556 538 554
f 556 555 648
f 524 615 518
f 524 519 623
f 623 531 524
f 524 531 615
f 516 678 518
f 515 678 516
f 518 678 637
f 637 678 635
f 518 637 633
f 892 869 633
f 938 533 534
f 533 519 534
f 942 925 939
f 870 943 868
f 891 823 896
f 896 823 822
f 896 942 926
f 925 942 896
f 822 928 896
f 928 925 896
f 824 905 891
f 824 114 905
f 1018 1057 549
f 1018 677 1057
f 1038 677 1017
f 1017 677 1039
f 948 950 1050
f 1050 960 948
f 948 949 950
f 948 960 1033
f 1033 951 948
f 951 949 948
f 950 949 963
f 963 949 951
f 951 953 963
f 953 984 963
f 963 964 965
f 965 962 963
f 1010 966 963
f 963 984 1010
f 966 986 963
f 1034 964 963
f 963 986 1034
f 1026 1010 1028
f 1028 955 1005
f 1028 954 1026
f 1028 1055 954
f 689 763 691
f 694 686 691
f 691 763 731
f 691 686 690
f 690 689 691
f 1064 1123 1063
f 1067 1123 1064
f 1064 1063 1065
f 1064 1065 1066
f 1066 1067 1064
f 1138 1187 1139
f 1138 1186 1187
f 1194 1186 1138
f 1185 1194 1138
f 1138 1201 1185
f 1136 1201 1138
f 1138 24 1136
f 1139 24 1138
f 769 761 749
f 769 749 752
f 769 742 751
f 752 741 769
f 769 741 740
f 740 742 769
f 700 769 751
f 701 769 700
f 702 701 700
f 756 691 731
f 731 724 756
f 694 691 756
f 1065 1063 722
f 1063 695 722
f 695 756 722
f 722 756 724
f 1139 1100 1195
f 1195 1192 1139
f 1193 1192 1195
f 1195 1117 1193
f 1102 1191 1190
f 1102 1195 1100
f 1102 1100 1139
f 1139 1191 1102
f 936 934 1059
f 934 1020 1059
f 1013 1012 1021
f 1019 1020 1013
f 1013 1022 1019
f 1021 1022 1013
f 822 815 907
f 815 906 907
f 907 772 822
f 907 903 772
f 907 906 903
f 833 839 832
f 832 839 836
f 832 911 833
f 836 911 832
f 864 854 853
f 857 862 853
f 862 852 853
f 850 852 795
f 794 806 850
f 806 864 850
f 864 853 850
f 850 853 852
f 921 882 880
f 882 854 880
f 880 778 921
f 819 808 887
f 887 802 819
f 819 802 798
f 819 798 799
f 799 808 819
f 796 918 874
f 918 873 874
f 776 786 775
f 775 864 776
f 863 847 2
f 847 139 2
f 2 139 141
f 141 139 138
f 138 210 141
f 140 847 846
f 846 919 140
f 140 139 847
f 137 138 139
f 137 919 918
f 139 140 137
f 137 140 919
f 160 194 137
f 194 135 137
f 155 154 152
f 849 848 863
f 849 154 886
f 213 154 155
f 189 187 188
f 188 922 1728
f 922 878 1728
f 878 785 1728
f 1728 785 886
f 1728 189 188
f 886 189 1728
f 784 922 921
f 921 778 784
f 155 147 1
f 1 156 74
f 147 156 1
f 210 144 145
f 145 144 158
f 145 151 196
f 141 210 145
f 218 151 145
f 145 158 218
f 1360 1365 1367
f 1363 1482 1523
f 1363 1483 1482
f 1523 1361 1363
f 1363 1361 1362
f 1363 1362 1484
f 1484 1483 1363
f 1485 1506 1523
f 1485 1547 1506
f 1523 1482 1485
f 1482 1481 1485
f 1485 1481 1480
f 1479 1527 1498
f 1479 1480 1527
f 1506 1547 1606
f 1547 1485 1606
f 1606 1485 1480
f 1488 1479 1498
f 1480 1479 1488
f 1488 1606 1480
f 1551 1606 1488
f 1488 1497 1551
f 578 1605 1493
f 1493 1605 1492
f 1494 1605 578
f 1495 1605 1494
f 1492 1605 1496
f 1496 1605 1495
f 1359 1402 1364
f 1364 1402 1572
f 1364 1362 1359
f 1364 1572 1362
f 1389 1402 1359
f 1580 1402 1389
f 1359 1358 1389
f 1390 1428 1368
f 1368 1369 1370
f 1368 1367 1369
f 1370 21 1368
f 1368 21 1390
f 1596 1448 578
f 1501 1548 1443
f 1499 1548 1501
f 1544 1598 1552
f 1470 1598 1544
f 1552 1545 1544
f 1544 1545 1444
f 1474 1444 1500
f 1500 1444 1445
f 1473 1444 1474
f 1499 1473 1476
f 1476 1473 1491
f 1486 1483 1556
f 1486 1556 1504
f 1504 1481 1486
f 1482 1483 1486
f 1486 1481 1482
f 1399 1403 1397
f 1510 1439 1440
f 1439 1438 1440
f 425 1610 1526
f 395 327 397
f 397 329 443
f 397 327 329
f 1546 621 651
f 651 614 1546
f 1546 614 652
f 1546 652 11
f 11 621 1546
f 1448 1445 1447
f 1447 1446 1448
f 1447 1445 1449
f 1449 1446 1447
f 480 478 1448
f 1448 1446 480
f 1449 478 480
f 480 1446 1449
f 1449 1445 1450
f 1445 1545 1450
f 1450 651 1449
f 1450 1545 651
f 956 628 627
f 573 956 627
f 571 665 572
f 571 628 665
f 571 672 573
f 563 672 571
f 572 663 571
f 624 563 571
f 571 663 624
f 1562 982 1427
f 1562 973 1045
f 1045 982 1562
f 1377 1532 739
f 739 1579 1377
f 1426 1535 1427
f 1571 1535 1426
f 1421 1566 1558
f 1424 1566 1427
f 1427 982 1424
f 982 1425 1424
f 1411 1409 1410
f 1410 1566 1411
f 1410 1409 1407
f 1422 1426 1421
f 1571 1426 1422
f 1418 574 576
f 576 1417 1418
f 1418 579 574
f 1495 1494 1416
f 1416 1418 1417
f 577 579 1416
f 579 1418 1416
f 1563 1535 1565
f 1565 1535 1571
f 1565 975 1563
f 1571 975 1565
f 14 628 1035
f 1035 617 14
f 628 617 1035
f 668 1571 576
f 576 579 668
f 14 617 668
f 668 617 1571
f 599 666 596
f 596 668 579
f 596 666 14
f 14 668 596
f 1005 972 1006
f 972 1055 1006
f 1006 1028 1005
f 1055 1028 1006
f 1471 1610 425
f 1524 19 1522
f 1332 1538 1466
f 1466 1537 1332
f 1463 1537 1466
f 1469 1470 1451
f 1451 1466 1469
f 1466 1454 1455
f 1614 1556 1607
f 1607 1527 1614
f 1611 1560 1607
f 1439 1611 1613
f 1620 1435 1484
f 1484 1572 1620
f 1439 1613 1436
f 1436 1613 1435
f 1436 1438 1439
f 418 1331 436
f 436 1327 418
f 436 1337 1327
f 1322 1336 1323
f 899 1110 1108
f 1108 1111 899
f 1116 1111 1108
f 25 898 1137
f 25 23 898
f 1137 24 25
f 25 24 1139
f 1139 23 25
f 932 1077 1075
f 1109 916 917
f 1109 917 876
f 1109 837 916
f 876 899 1109
f 1109 899 1116
f 1109 1077 837
f 1109 1075 1077
f 1095 1114 1078
f 1120 1114 1095
f 1078 1114 1073
f 1079 1078 1073
f 1073 1080 1079
f 1074 1080 1073
f 1092 1110 1113
f 1117 1195 1113
f 1113 1110 1193
f 1193 1117 1113
f 1096 1097 1066
f 1066 1090 1096
f 1087 1089 1086
f 1086 1089 1081
f 1081 1106 1086
f 1084 1085 1092
f 1257 43 45
f 45 1157 1257
f 45 265 46
f 46 1159 45
f 1159 1165 45
f 1165 1157 45
f 43 364 45
f 1172 47 1163
f 1163 1160 1172
f 1172 1165 47
f 1172 1160 1155
f 1172 1155 1156
f 1156 1165 1172
f 1127 1155 1173
f 1155 1160 1173
f 1173 1175 1127
f 1173 1160 1175
f 241 39 240
f 241 242 39
f 242 241 243
f 33 35 473
f 29 34 36
f 34 38 36
f 36 37 33
f 36 38 37
f 34 1183 1199
f 1199 38 34
f 1164 38 1199
f 1199 1183 1198
f 1198 1164 1199
f 337 336 420
f 419 429 420
f 420 430 419
f 419 430 429
f 240 39 468
f 468 39 1168
f 1168 464 468
f 468 241 240
f 468 243 241
f 468 464 257
f 255 260 258
f 248 257 255
f 255 254 248
f 258 254 255
f 408 257 44
f 408 44 46
f 408 255 257
f 260 255 408
f 472 28 314
f 472 314 295
f 31 28 472
f 472 1112 31
f 472 471 1112
f 289 1069 1112
f 318 411 457
f 1285 1289 1262
f 1284 1285 1262
f 1284 1309 1286
f 1309 1289 1286
f 1286 1285 1284
f 1286 1289 1285
f 1697 1692 1696
f 1697 1698 1692
f 1696 4 1697
f 4 1698 1697
f 1712 1692 1713
f 1712 1681 1692
f 1146 1148 1144
f 1144 1148 1131
f 1144 1130 1129
f 1131 1130 1144
f 1695 1704 1764
f 1230 1704 1695
f 1695 1707 1230
f 1702 1776 1705
f 1702 1775 1776
f 1705 1151 1702
f 1151 1700 1702
f 1259 1248 1249
f 1259 1242 1246
f 1259 5 1242
f 1249 1252 1259
f 1125 1124 1177
f 1131 1126 1177
f 1177 1126 1125
f 361 364 43
f 43 363 361
f 361 363 362
f 372 445 383
f 383 367 372
f 366 367 383
f 1287 1289 1309
f 1169 1240 1239
f 1241 1240 1169
f 1239 1258 1169
f 1169 1258 1706
f 1169 1706 1705
f 1705 1241 1169
f 1242 5 1243
f 1243 1240 1242
f 1237 1256 1239
f 1239 1240 1237
f 1237 1240 1236
f 1255 1150 1239
f 1239 1256 1255
f 1255 1256 1150
f 1306 1317 1307
f 1283 1317 1281
f 1284 1317 1283
f 1281 1309 1283
f 1283 1309 1284
f 1228 1251 1748
f 1251 1747 1748
f 1748 1222 1228
f 1748 1747 1222
f 1710 1775 1229
f 1229 1747 1710
f 1710 1747 1251
f 1710 1251 1250
f 1776 1775 1710
f 1250 1248 1710
f 1710 1248 1711
f 762 747 725
f 762 717 747
f 718 717 762
f 725 746 762
f 762 746 728
f 744 718 762
f 20 701 702
f 20 760 701
f 718 711 714
f 715 717 714
f 714 717 718
f 747 715 714
f 714 711 713
f 1351 1581 1536
f 1536 1590 1351
f 1536 1581 1384
f 1384 1590 1536
f 1385 1590 1384
f 1568 1590 1385
f 1384 1543 1385
f 1385 1543 1568
f 1383 1579 1382
f 1382 21 1383
f 1357 1358 1359
f 1380 21 1382
f 1382 1588 1380
f 1380 1588 21
f 1347 1349 752
f 1348 1349 1347
f 1347 1345 1348
f 1347 737 1345
f 1550 1346 401
f 328 390 401
f 401 390 1550
f 1344 328 401
f 401 1346 1344
f 325 453 443
f 443 326 325
f 325 326 323
f 323 453 325
f 753 733 707
f 705 733 753
f 707 764 753
f 751 705 753
f 732 733 705
f 732 705 765
f 1031 1032 754
f 754 745 1031
f 1031 745 733
f 733 732 1031
f 765 1534 1031
f 1031 732 765
f 969 1032 1414
f 1414 1534 1040
f 1040 969 1414
f 1414 1031 1534
f 1032 1031 1414
f 754 959 1044
f 1044 745 754
f 685 745 1044
f 758 685 687
f 685 1044 687
f 687 1044 959
f 1382 1579 1557
f 1557 1543 1382
f 1557 1579 739
f 109 108 237
f 237 104 109
f 108 104 237
f 172 892 885
f 172 869 892
f 885 114 172
f 114 869 172
f 904 869 114
f 868 869 904
f 114 824 904
f 904 824 891
f 891 896 904
f 1268 1217 1218
f 1218 1225 1268
f 1223 1225 1218
f 1216 1223 1218
f 1218 1217 1216
f 1206 199 1254
f 1214 57 1254
f 1254 57 1206
f 236 198 60
f 60 107 236
f 236 107 59
f 1207 198 56
f 56 215 1207
f 58 108 208
f 58 59 108
f 58 208 101
f 101 170 58
f 170 63 58
f 62 65 58
f 58 63 62
f 105 107 103
f 106 107 105
f 103 108 105
f 108 106 105
f 1214 1254 235
f 235 1254 199
f 235 1207 1214
f 235 198 1207
f 1767 1768 191
f 1726 1768 1767
f 191 100 1767
f 186 1768 1622
f 1622 1768 1682
f 1622 1625 186
f 1682 1625 1622
f 134 210 136
f 136 135 134
f 210 138 136
f 136 137 135
f 138 137 136
f 196 151 226
f 151 75 226
f 226 75 83
f 226 83 206
f 1681 1712 1678
f 1678 1712 1713
f 1713 1754 1678
f 1692 1681 1678
f 1211 1215 1269
f 1631 1624 1723
f 1750 1659 1770
f 1632 1630 1676
f 1637 1657 1641
f 1641 1657 1643
f 660 610 1261
f 660 1261 48
f 616 507 659
f 507 653 659
f 659 684 616
f 554 684 659
f 659 556 554
f 555 556 659
f 645 555 659
f 659 509 645
f 659 653 509
f 661 643 610
f 653 643 661
f 610 660 661
f 661 660 48
f 48 49 661
f 49 653 661
f 654 606 608
f 654 643 606
f 608 609 654
f 610 643 654
f 654 609 610
f 162 212 803
f 803 889 162
f 803 212 160
f 160 137 803
f 803 137 918
f 890 802 887
f 203 126 890
f 890 817 203
f 797 826 220
f 826 889 220
f 889 803 220
f 220 918 797
f 220 803 918
f 129 162 121
f 162 889 121
f 121 234 129
f 889 890 121
f 121 128 234
f 119 128 121
f 203 817 204
f 204 114 203
f 825 114 204
f 817 890 204
f 204 821 825
f 204 813 821
f 1645 1647 1651
f 1651 1646 1645
f 1651 1674 1653
f 1760 1674 1651
f 1651 1647 1760
f 1740 1691 1689
f 1740 1727 188
f 1689 1727 1740
f 1756 84 1715
f 1715 211 1756
f 1715 84 1714
f 1714 211 1715
f 188 187 1729
f 187 216 1729
f 195 216 187
f 1739 1735 1737
f 1737 233 1739
f 1737 1735 97
f 97 233 1737
f 76 80 196
f 8 493 669
f 669 1272 8
f 8 1272 493
f 491 492 490
f 497 618 490
f 490 618 499
f 490 487 497
f 499 655 490
f 490 655 491
f 375 378 387
f 368 381 424
f 424 403 379
f 379 369 424
f 403 369 379
f 1311 1339 1338
f 1339 1334 1338
f 1312 1311 1338
f 1338 1319 1312
f 1338 1334 1319
f 604 501 622
f 622 644 604
f 501 644 622
f 488 1339 489
f 658 498 496
f 498 487 496
f 496 657 658
f 489 657 496
f 496 488 489
f 496 487 1339
f 1339 488 496
f 1305 1281 1303
f 1303 1341 1305
f 475 595 593
f 593 476 475
f 593 577 588
f 595 570 593
f 526 681 620
f 543 537 526
f 682 681 526
f 526 537 538
f 648 682 526
f 1043 1041 1054
f 1041 994 1054
f 602 553 603
f 551 553 602
f 603 624 602
f 624 601 602
f 592 559 540
f 558 559 592
f 540 671 592
f 592 671 558
f 540 559 568
f 568 559 664
f 567 540 568
f 568 570 567
f 564 664 636
f 636 663 564
f 564 663 664
f 626 663 572
f 572 582 626
f 662 665 14
f 14 582 662
f 662 582 665
f 667 666 599
f 599 582 667
f 14 666 667
f 667 582 14
f 569 568 664
f 570 568 569
f 684 538 539
f 539 557 684
f 636 561 562
f 562 561 558
f 558 557 562
f 536 531 623
f 533 531 536
f 623 519 536
f 536 519 533
f 533 675 674
f 674 550 551
f 674 675 550
f 518 615 646
f 646 516 518
f 634 637 635
f 634 633 637
f 634 635 892
f 892 633 634
f 520 869 868
f 868 943 520
f 943 519 520
f 519 524 520
f 520 524 518
f 938 534 941
f 941 934 936
f 867 866 943
f 943 870 867
f 867 870 868
f 868 904 867
f 867 896 866
f 867 904 896
f 533 535 676
f 676 535 1018
f 676 550 533
f 549 550 676
f 676 1018 549
f 961 962 950
f 950 963 961
f 961 963 962
f 1010 984 1048
f 1048 1028 1010
f 703 701 761
f 761 769 703
f 703 769 701
f 723 724 1065
f 1065 722 723
f 723 722 724
f 1200 1195 1103
f 1103 1102 1190
f 1195 1102 1103
f 1092 1200 1103
f 1103 1099 1092
f 1190 1205 1103
f 937 1020 677
f 937 1059 1020
f 936 1059 937
f 938 941 937
f 937 941 936
f 933 927 924
f 934 927 933
f 924 1012 933
f 1012 1013 933
f 857 853 855
f 855 853 854
f 855 854 882
f 882 856 855
f 855 856 857
f 770 795 794
f 794 850 770
f 770 850 795
f 789 775 786
f 796 874 789
f 789 786 883
f 883 790 789
f 789 800 796
f 789 790 800
f 775 789 909
f 909 780 778
f 863 2 901
f 901 219 149
f 141 219 901
f 901 2 141
f 148 152 149
f 148 147 155
f 155 152 148
f 886 154 900
f 900 189 886
f 782 780 848
f 886 785 783
f 780 782 783
f 74 156 205
f 150 156 147
f 150 205 156
f 80 205 150
f 196 80 150
f 150 145 196
f 141 145 146
f 147 148 146
f 146 150 147
f 145 150 146
f 146 219 141
f 149 219 146
f 146 148 149
f 1573 1602 1503
f 1506 1602 1405
f 1405 1361 1506
f 1365 1361 1405
f 1551 1497 1604
f 1497 1602 1604
f 1604 1606 1551
f 1604 1602 1506
f 1506 1606 1604
f 1477 1488 1498
f 1478 1488 1477
f 1477 1476 1478
f 1498 1499 1477
f 1499 1476 1477
f 1489 1488 1487
f 1487 1488 1478
f 1478 1476 1487
f 1487 1491 1489
f 1487 1476 1491
f 1492 1496 1490
f 1490 1496 1497
f 1490 1489 1492
f 1490 1488 1489
f 1497 1488 1490
f 1589 1393 1580
f 1580 1389 1589
f 1589 1358 1430
f 1589 1389 1358
f 1366 1368 1428
f 1367 1368 1366
f 1366 1428 1360
f 1360 1367 1366
f 1499 1501 1595
f 1595 1473 1499
f 1444 1473 1595
f 1597 1444 1470
f 1470 1544 1597
f 1597 1544 1444
f 1472 1500 1445
f 1474 1500 1472
f 1492 1491 1472
f 1472 1473 1474
f 1491 1473 1472
f 1472 1493 1492
f 1400 1399 1431
f 1400 1620 1572
f 1431 1620 1400
f 1572 1402 1400
f 1400 1402 1403
f 1403 1399 1400
f 1553 1399 1397
f 440 1549 439
f 1518 1520 1517
f 412 17 1517
f 1517 1520 1618
f 1516 1522 1578
f 1515 1522 1516
f 16 17 412
f 412 1526 16
f 1569 1618 333
f 412 1517 1569
f 1569 1517 1618
f 333 1618 334
f 1519 1619 1528
f 1528 440 439
f 372 367 371
f 1540 386 1333
f 1333 1337 1540
f 357 269 346
f 356 354 345
f 345 346 356
f 358 354 425
f 333 354 358
f 425 1526 358
f 358 1526 333
f 333 336 343
f 336 337 343
f 343 337 420
f 420 429 343
f 429 342 343
f 343 269 357
f 342 269 343
f 357 346 343
f 346 345 343
f 12 386 1465
f 1465 1464 12
f 12 1464 353
f 1333 386 12
f 384 378 1327
f 384 1337 1333
f 1327 1337 384
f 441 397 442
f 443 400 442
f 442 397 443
f 1053 627 628
f 628 571 1053
f 573 627 1053
f 1053 571 573
f 1037 1562 1427
f 1427 1535 1037
f 1535 975 1037
f 1037 975 974
f 974 973 1037
f 973 1562 1037
f 1412 1409 1411
f 979 1425 982
f 979 971 1005
f 1409 1412 1533
f 1040 1555 1533
f 1555 1532 1533
f 1533 1377 1376
f 1532 1377 1533
f 1408 1558 1566
f 1408 1372 1388
f 1375 1372 1408
f 1407 1375 1408
f 1408 1410 1407
f 1566 1410 1408
f 1407 1409 1406
f 1409 1374 1406
f 1509 1374 1387
f 1376 1377 1387
f 1387 1377 1579
f 1427 1566 1423
f 1423 1426 1427
f 1423 1566 1421
f 1421 1426 1423
f 1411 1566 1413
f 1566 1424 1413
f 1413 1425 1411
f 1413 1424 1425
f 575 1417 576
f 575 1422 1417
f 576 1571 575
f 1571 1422 575
f 1388 1415 1577
f 1421 1558 1577
f 1577 1408 1388
f 1558 1408 1577
f 1419 1415 1417
f 1419 1422 1421
f 1417 1422 1419
f 1421 1577 1419
f 1419 1577 1415
f 1503 1602 1508
f 1508 1416 1503
f 1495 1416 1508
f 1508 1602 1497
f 1508 1496 1495
f 1497 1496 1508
f 1417 1415 1603
f 1603 1416 1417
f 1503 1416 1603
f 1603 1573 1503
f 1603 1415 1388
f 1388 1372 1603
f 1603 1372 1369
f 1429 1494 578
f 1429 1416 1494
f 598 599 597
f 599 596 597
f 1599 614 1541
f 1599 1542 614
f 1599 1541 1466
f 1466 1538 1599
f 1599 1332 1542
f 1538 1332 1599
f 1519 1518 1512
f 1518 1517 1512
f 18 1524 1510
f 18 19 1524
f 1610 1471 1513
f 1513 1471 1515
f 1513 1526 1610
f 1513 16 1526
f 1515 1516 1513
f 17 16 1513
f 1578 17 1513
f 1513 1516 1578
f 426 1471 425
f 1465 1461 426
f 1524 1522 1521
f 1564 1522 1515
f 1458 1521 1564
f 1564 1521 1522
f 1564 1460 1458
f 1465 386 1576
f 386 1537 1576
f 1539 1537 386
f 1539 1332 1537
f 1467 1461 1465
f 1467 1463 1461
f 1465 1576 1467
f 1537 1463 1467
f 1467 1576 1537
f 1460 1461 1468
f 1461 1463 1468
f 1466 1460 1468
f 1468 1463 1466
f 1452 1454 1466
f 1466 1451 1452
f 1457 1460 1466
f 1511 1611 1439
f 1511 1560 1611
f 1511 1559 1560
f 1511 1439 1510
f 1556 1611 1502
f 1502 1607 1556
f 1611 1607 1502
f 1612 1613 1611
f 1435 1613 1612
f 1612 1611 1484
f 1484 1435 1612
f 1431 1436 1432
f 1432 1436 1435
f 1432 1620 1431
f 1435 1620 1432
f 1434 1436 1431
f 1337 436 1326
f 1326 1540 1337
f 1323 1325 1326
f 1326 1325 1328
f 1094 1108 1110
f 1116 1108 1094
f 1076 1080 932
f 932 1075 1076
f 1076 1109 1080
f 1075 1109 1076
f 1079 1080 1082
f 1080 1109 1082
f 1116 1079 1082
f 1082 1109 1116
f 1122 1095 1078
f 1122 1078 1079
f 1079 1089 1122
f 1120 1095 1091
f 1091 1104 1120
f 1091 1122 1089
f 1095 1122 1091
f 1091 1090 1104
f 1089 1090 1091
f 1072 1073 1114
f 929 930 1072
f 1072 1114 929
f 930 1074 1072
f 1074 1073 1072
f 1092 1113 1118
f 1118 1113 1195
f 1118 1200 1092
f 1118 1195 1200
f 1097 1096 1093
f 1093 1096 1090
f 1087 1084 1093
f 1093 1090 1087
f 1105 1205 1066
f 1105 1103 1205
f 1083 1086 1106
f 1116 1094 1083
f 1083 1106 1116
f 1085 1084 1083
f 1087 1086 1083
f 1083 1084 1087
f 1083 1094 1110
f 1110 1085 1083
f 256 257 248
f 256 468 257
f 243 468 256
f 35 37 238
f 238 473 35
f 238 37 39
f 318 473 238
f 32 36 33
f 32 27 29
f 29 36 32
f 298 342 429
f 298 269 342
f 253 346 269
f 258 260 407
f 407 260 265
f 402 340 261
f 261 262 402
f 258 407 261
f 465 346 268
f 388 402 341
f 341 340 388
f 388 340 402
f 46 265 463
f 463 408 46
f 265 260 463
f 260 408 463
f 297 289 1112
f 719 389 417
f 725 719 417
f 417 726 725
f 333 330 311
f 311 430 333
f 306 430 311
f 277 457 274
f 318 457 317
f 317 473 318
f 457 277 317
f 33 473 317
f 317 277 295
f 317 32 33
f 27 32 317
f 306 272 320
f 306 320 300
f 391 45 364
f 1340 1317 1284
f 1284 1262 1340
f 1340 1307 1317
f 1262 1307 1340
f 1264 363 1257
f 1257 1256 1264
f 1264 1237 1236
f 1256 1237 1264
f 1288 1262 1289
f 1289 1287 1288
f 363 1264 1288
f 1288 1264 1262
f 1125 1126 1142
f 1142 1148 1176
f 1176 1141 1142
f 1141 1125 1142
f 1145 1146 1143
f 1146 1144 1143
f 1129 1145 1143
f 1143 1144 1129
f 1707 1695 1694
f 1694 1764 1696
f 1694 1695 1764
f 1703 1775 1701
f 1775 1702 1701
f 1701 1700 1703
f 1701 1702 1700
f 1247 1259 1246
f 1248 1259 1247
f 1246 1711 1247
f 1711 1248 1247
f 1178 1124 1175
f 1178 1177 1124
f 1175 1134 1178
f 1134 1177 1178
f 1131 1177 1132
f 1132 1177 1134
f 1132 1133 1131
f 1132 1134 1133
f 9 1313 382
f 382 383 9
f 382 1313 1308
f 1308 398 382
f 382 398 381
f 381 368 382
f 366 383 382
f 373 383 445
f 445 363 373
f 363 1288 373
f 1315 1306 1244
f 1240 1243 1244
f 1236 1307 1238
f 1238 1307 1262
f 1238 1264 1236
f 1262 1264 1238
f 1711 1776 1709
f 1709 1710 1711
f 1776 1710 1709
f 728 738 729
f 729 762 728
f 738 762 729
f 744 762 743
f 743 762 738
f 743 752 744
f 743 738 752
f 302 453 454
f 454 305 302
f 279 305 454
f 274 279 454
f 1579 1383 1379
f 1379 1383 21
f 1379 21 1370
f 1370 1509 1379
f 1379 1387 1579
f 1509 1387 1379
f 1390 1588 1356
f 1588 1357 1356
f 1359 1390 1356
f 1356 1357 1359
f 1353 737 1350
f 737 1347 1350
f 752 1353 1350
f 1350 1347 752
f 1586 1549 1398
f 1586 1394 1396
f 1398 1392 1586
f 1392 1394 1586
f 1354 1561 1584
f 1584 1349 1354
f 1396 1349 1584
f 1584 1586 1396
f 1550 1549 1583
f 1549 1586 1583
f 1561 1550 1583
f 1583 1584 1561
f 1586 1584 1583
f 688 758 958
f 758 687 958
f 958 687 959
f 958 1051 688
f 958 959 1051
f 1568 1543 1591
f 1534 1568 1591
f 739 1532 1591
f 1591 1532 1534
f 197 59 198
f 198 236 197
f 197 236 59
f 198 59 55
f 55 56 198
f 215 56 55
f 53 215 55
f 55 51 53
f 65 51 55
f 55 58 65
f 59 58 55
f 196 226 227
f 227 226 183
f 1743 1649 1656
f 1656 1649 190
f 186 1625 185
f 191 186 185
f 185 1718 191
f 206 1718 185
f 185 226 206
f 183 226 185
f 1621 1625 1682
f 1621 1682 1624
f 100 99 61
f 61 99 60
f 60 198 61
f 198 235 61
f 1726 1767 1725
f 1725 61 235
f 1725 235 199
f 1708 1754 1713
f 1708 1713 1688
f 1688 1763 1708
f 1770 1707 1680
f 1680 1678 1770
f 1696 1692 1680
f 1692 1678 1680
f 1677 1661 1770
f 1770 1678 1677
f 1209 1215 1210
f 1215 1211 1210
f 1210 1213 1209
f 1208 1213 1210
f 1210 1211 199
f 1210 199 1208
f 1761 1269 1659
f 1761 1211 1269
f 1721 1211 1761
f 199 1211 1212
f 1212 1725 199
f 1212 1211 1721
f 1726 1725 1212
f 1723 1726 1212
f 1636 1639 1627
f 1635 1632 1668
f 1675 1635 1668
f 1632 1676 1749
f 1749 1668 1632
f 1638 1641 1642
f 1637 1641 1638
f 1638 1635 1637
f 1638 1636 1635
f 1642 1641 1644
f 1643 1646 1644
f 1644 1641 1643
f 1646 1650 1644
f 1650 1649 1644
f 1743 1642 1644
f 1644 1649 1743
f 802 890 888
f 888 890 889
f 826 802 888
f 888 889 826
f 813 204 816
f 816 204 890
f 120 121 890
f 126 116 120
f 116 118 120
f 120 118 119
f 119 121 120
f 1655 1651 1653
f 1655 1735 1739
f 1653 1734 1655
f 1734 1735 1655
f 216 195 217
f 1756 1691 217
f 1691 1740 217
f 217 1740 188
f 217 195 209
f 188 1729 217
f 217 1729 216
f 209 69 217
f 217 69 1756
f 1739 233 1736
f 207 1656 190
f 207 1736 201
f 80 76 78
f 78 205 80
f 187 73 71
f 209 195 71
f 71 195 187
f 77 78 86
f 86 78 76
f 1274 490 492
f 1274 1272 1275
f 492 1272 1274
f 1274 1275 1273
f 427 1327 370
f 370 424 427
f 370 368 424
f 366 382 370
f 370 382 368
f 376 448 341
f 377 448 376
f 360 371 367
f 1281 1305 1282
f 1282 1305 1341
f 1282 1318 1281
f 1282 1341 1318
f 478 476 479
f 476 593 479
f 479 593 588
f 479 588 578
f 578 478 479
f 525 526 538
f 538 556 525
f 648 526 525
f 525 556 648
f 1016 1054 994
f 1043 1054 1016
f 1016 1039 1046
f 1046 996 1016
f 996 1043 1016
f 1016 1017 1039
f 1038 1017 1016
f 1016 994 998
f 1016 1056 1038
f 998 1056 1016
f 664 663 629
f 663 626 629
f 629 582 664
f 629 626 582
f 664 582 581
f 581 569 664
f 581 582 598
f 598 569 581
f 594 593 570
f 570 569 594
f 594 569 598
f 598 597 594
f 594 597 596
f 577 593 594
f 594 579 577
f 594 596 579
f 541 630 538
f 541 537 543
f 538 537 541
f 538 630 639
f 639 539 538
f 639 630 557
f 557 539 639
f 532 531 533
f 533 674 532
f 532 674 551
f 632 633 869
f 869 520 632
f 518 633 632
f 632 520 518
f 939 934 940
f 934 941 940
f 1036 984 955
f 955 1048 1036
f 1036 1048 984
f 955 1028 1047
f 1047 1048 955
f 1028 1048 1047
f 1063 767 766
f 716 20 702
f 760 20 716
f 716 711 760
f 1063 1062 710
f 710 767 1063
f 710 1062 1061
f 713 711 710
f 711 716 710
f 710 716 767
f 702 700 699
f 699 698 702
f 699 700 751
f 755 698 699
f 699 764 755
f 751 753 699
f 699 753 764
f 695 748 697
f 697 698 695
f 708 698 755
f 708 755 694
f 694 756 708
f 696 756 695
f 695 698 696
f 696 708 756
f 698 708 696
f 938 937 1023
f 1023 937 677
f 1023 533 938
f 1023 535 533
f 677 1018 1023
f 1018 535 1023
f 934 933 944
f 944 933 1013
f 944 1013 1020
f 845 848 920
f 848 780 920
f 780 909 920
f 788 873 845
f 775 909 779
f 779 909 778
f 864 775 908
f 775 773 908
f 773 910 908
f 908 854 864
f 908 910 854
f 153 901 149
f 149 152 153
f 153 152 154
f 154 849 153
f 153 849 863
f 863 901 153
f 154 213 214
f 214 73 187
f 793 782 848
f 793 849 886
f 848 849 793
f 886 783 793
f 793 783 782
f 778 780 781
f 780 783 781
f 781 784 778
f 781 783 785
f 781 785 922
f 922 784 781
f 74 205 225
f 73 214 223
f 223 214 213
f 74 73 223
f 223 213 155
f 223 1 74
f 155 1 223
f 1602 1573 1575
f 1386 1367 1365
f 1365 1575 1386
f 1386 1575 1573
f 1369 1367 1386
f 1386 1603 1369
f 1573 1603 1386
f 1365 1405 1507
f 1507 1405 1602
f 1507 1575 1365
f 1602 1575 1507
f 1370 1369 1371
f 1369 1372 1371
f 1371 1509 1370
f 1371 1372 1509
f 1373 1374 1509
f 1509 1372 1373
f 1373 1406 1374
f 1373 1372 1375
f 1373 1375 1407
f 1407 1406 1373
f 1395 1589 1430
f 1393 1589 1395
f 1430 1394 1395
f 1394 1393 1395
f 1448 1472 1594
f 1594 1472 1445
f 1448 1596 1475
f 1475 1472 1448
f 1475 1596 578
f 1493 1472 1475
f 578 1493 1475
f 19 18 1505
f 1505 1512 19
f 1519 1512 1505
f 1505 18 1510
f 1438 1436 1437
f 1437 1619 1438
f 1401 1553 1397
f 1531 1619 1525
f 1531 1528 1619
f 440 1528 1531
f 1525 1553 393
f 1553 1401 393
f 412 1569 335
f 335 1569 333
f 335 1526 412
f 333 1526 335
f 307 311 330
f 441 334 396
f 396 334 1618
f 396 397 441
f 1617 1518 1519
f 356 346 348
f 349 351 348
f 344 354 333
f 333 343 344
f 344 345 354
f 344 343 345
f 425 354 405
f 356 348 350
f 350 348 351
f 415 351 349
f 387 378 385
f 378 384 385
f 1333 12 385
f 385 384 1333
f 353 350 450
f 450 350 351
f 450 415 387
f 351 415 450
f 414 448 377
f 414 415 349
f 377 415 414
f 971 979 981
f 981 979 982
f 1045 971 981
f 981 982 1045
f 970 979 1005
f 1005 980 970
f 970 980 1040
f 1425 979 1009
f 1411 1425 1009
f 1009 1412 1411
f 1009 1533 1412
f 1040 1533 1009
f 1009 970 1040
f 979 970 1009
f 1592 1533 1376
f 1409 1533 1592
f 577 1416 1420
f 1416 1429 1420
f 1420 1429 578
f 578 588 1420
f 588 577 1420
f 19 1512 1514
f 1578 1522 1514
f 1514 1522 19
f 1514 1512 1517
f 1514 17 1578
f 1514 1517 17
f 1471 426 1459
f 1460 1564 1459
f 1459 1461 1460
f 1459 426 1461
f 1515 1471 1459
f 1459 1564 1515
f 1465 426 1462
f 1600 1452 1451
f 1600 1501 1443
f 1600 1595 1501
f 1444 1595 1600
f 1470 1444 1600
f 1600 1451 1470
f 1458 1460 1456
f 1460 1457 1456
f 1456 1521 1458
f 1524 1521 1456
f 1527 1607 1608
f 1608 1609 1527
f 1433 1434 1431
f 1525 1434 1433
f 1433 1553 1525
f 1431 1399 1433
f 1399 1553 1433
f 1540 1326 1330
f 386 1540 1330
f 1330 1539 386
f 1332 1539 1330
f 1330 1326 1328
f 1328 1542 1330
f 1542 1332 1330
f 1324 1331 1336
f 1336 1322 1324
f 1324 436 1331
f 1324 1326 436
f 1324 1322 1323
f 1323 1326 1324
f 1092 1099 1088
f 1088 1084 1092
f 1088 1093 1084
f 1099 1103 1121
f 1103 1105 1121
f 1097 1093 1121
f 1066 1097 1121
f 1121 1105 1066
f 39 242 239
f 239 238 39
f 242 250 469
f 469 250 411
f 469 239 242
f 238 239 469
f 469 411 318
f 318 238 469
f 242 243 244
f 244 250 242
f 252 465 268
f 268 346 252
f 346 253 252
f 249 253 269
f 265 262 264
f 264 407 265
f 262 261 264
f 264 261 407
f 263 254 258
f 465 252 263
f 465 263 399
f 399 261 340
f 346 465 339
f 339 399 340
f 465 399 339
f 1112 471 470
f 470 297 1112
f 471 297 470
f 1070 1068 768
f 1115 1070 768
f 332 1119 768
f 768 1119 1115
f 416 417 389
f 389 292 416
f 416 321 726
f 726 417 416
f 338 292 389
f 338 719 747
f 338 389 719
f 747 714 338
f 338 714 713
f 322 290 281
f 290 291 281
f 275 472 295
f 471 472 275
f 295 277 275
f 275 277 274
f 303 400 302
f 302 305 303
f 303 307 400
f 303 301 306
f 306 311 303
f 311 307 303
f 432 305 279
f 432 279 274
f 316 317 295
f 27 317 316
f 299 272 306
f 306 301 299
f 274 457 456
f 456 273 274
f 267 391 364
f 341 402 267
f 267 262 265
f 402 262 267
f 444 361 362
f 459 361 444
f 371 360 444
f 444 362 372
f 372 371 444
f 1310 1287 1309
f 1310 1288 1287
f 1310 373 1288
f 9 383 1310
f 383 373 1310
f 1148 1142 1170
f 1170 1142 1126
f 1131 1148 1170
f 1170 1126 1131
f 1693 1694 1696
f 1707 1694 1693
f 1696 1680 1693
f 1693 1680 1707
f 1271 1244 1306
f 1306 1307 1271
f 1271 1307 1236
f 1271 1236 1270
f 1270 1240 1271
f 1240 1244 1271
f 1315 1244 1245
f 1245 1244 1243
f 1245 1243 5
f 1245 1252 1315
f 1245 1259 1252
f 5 1259 1245
f 1381 1382 1384
f 1381 1588 1382
f 1543 1557 1567
f 1567 1591 1543
f 1567 1557 739
f 739 1591 1567
f 1640 1639 1636
f 1636 1638 1640
f 1640 1638 1642
f 184 185 1625
f 1752 1766 184
f 1625 1621 184
f 100 61 66
f 61 1725 66
f 66 1767 100
f 66 1725 1767
f 1751 1708 1763
f 1754 1708 1751
f 1751 1763 1773
f 1773 1754 1751
f 1679 1678 1754
f 1679 1677 1678
f 1719 1761 1659
f 1721 1761 1719
f 1721 1769 1724
f 1724 1769 1631
f 1724 1631 1723
f 1623 1621 1624
f 1636 1627 1629
f 1750 1633 1629
f 1629 1633 1630
f 1772 1676 1630
f 1630 1633 1772
f 1669 1773 1145
f 1145 1665 1669
f 1666 1665 1675
f 1666 1669 1665
f 893 809 813
f 813 816 893
f 887 809 893
f 893 890 887
f 893 816 890
f 124 890 126
f 126 120 124
f 124 120 890
f 1651 1655 1652
f 1652 1650 1646
f 1646 1651 1652
f 1652 1655 1739
f 1739 1736 1654
f 1654 207 190
f 1736 207 1654
f 1654 1652 1739
f 1650 1652 1654
f 1654 1649 1650
f 190 1649 1654
f 82 207 201
f 82 78 77
f 1656 207 79
f 79 1759 1656
f 79 82 77
f 207 82 79
f 201 1736 202
f 202 96 201
f 202 1736 233
f 233 96 202
f 94 69 209
f 84 69 94
f 97 84 94
f 94 233 97
f 94 96 233
f 77 86 87
f 87 86 1766
f 87 79 77
f 1766 1759 87
f 1759 79 87
f 88 76 196
f 88 86 76
f 1766 86 88
f 196 227 88
f 88 227 183
f 88 184 1766
f 183 185 88
f 185 184 88
f 487 490 495
f 490 1274 495
f 1273 487 495
f 495 1274 1273
f 378 375 435
f 375 370 435
f 1327 378 435
f 435 370 1327
f 365 370 375
f 366 370 365
f 365 444 360
f 365 367 366
f 365 375 377
f 377 376 365
f 365 360 367
f 528 620 521
f 615 531 619
f 619 532 551
f 531 532 619
f 551 602 619
f 619 602 601
f 615 619 530
f 527 528 521
f 527 529 545
f 543 526 527
f 683 530 529
f 683 527 521
f 529 527 683
f 683 646 615
f 615 530 683
f 625 562 557
f 636 562 625
f 600 545 601
f 600 547 545
f 600 601 636
f 636 625 600
f 600 625 557
f 631 940 941
f 631 519 943
f 631 534 519
f 631 941 534
f 926 942 631
f 631 942 939
f 939 940 631
f 943 866 631
f 631 896 926
f 866 896 631
f 720 695 1063
f 1063 766 720
f 720 748 695
f 720 766 748
f 748 766 706
f 706 697 748
f 702 698 706
f 698 697 706
f 721 766 767
f 767 716 721
f 721 716 702
f 702 706 721
f 721 706 766
f 1061 712 709
f 709 710 1061
f 712 713 709
f 713 710 709
f 935 1020 934
f 934 944 935
f 935 944 1020
f 845 920 884
f 884 920 909
f 884 788 845
f 791 874 873
f 873 788 791
f 791 789 874
f 791 909 789
f 777 773 775
f 775 779 777
f 777 910 773
f 854 910 777
f 777 880 854
f 778 880 777
f 777 779 778
f 189 900 224
f 187 189 224
f 224 214 187
f 224 900 154
f 154 214 224
f 1593 1445 1448
f 1448 1594 1593
f 1593 1594 1445
f 1438 1619 1441
f 1441 1440 1438
f 1510 1440 1441
f 1441 1505 1510
f 1525 1619 1574
f 1619 1437 1574
f 1574 1437 1436
f 1574 1434 1525
f 1436 1434 1574
f 1615 1531 1525
f 440 1531 1615
f 1525 393 1615
f 1615 393 440
f 1549 440 394
f 440 393 394
f 1398 1549 394
f 1397 1398 394
f 394 1401 1397
f 394 393 1401
f 431 307 330
f 431 330 333
f 333 334 431
f 400 307 431
f 431 334 441
f 441 442 431
f 431 442 400
f 1530 1528 439
f 1530 396 1528
f 439 395 1530
f 395 397 1530
f 397 396 1530
f 1518 1617 1616
f 1616 1617 1618
f 1616 1520 1518
f 1618 1520 1616
f 1519 1528 1529
f 1529 1617 1519
f 1528 396 1529
f 1529 396 1618
f 1618 1617 1529
f 421 1464 425
f 425 405 421
f 387 415 451
f 451 415 377
f 451 375 387
f 377 375 451
f 13 12 353
f 353 450 13
f 13 385 12
f 13 450 385
f 387 385 449
f 449 450 387
f 385 450 449
f 355 414 349
f 355 340 341
f 341 448 406
f 448 414 406
f 406 355 341
f 414 355 406
f 1378 1592 1376
f 1409 1592 1378
f 1378 1374 1409
f 1376 1387 1378
f 1378 1387 1374
f 423 1462 426
f 423 426 425
f 1454 1452 1601
f 1452 1600 1601
f 1601 1608 1454
f 1609 1608 1601
f 1527 1609 1601
f 1601 1600 1443
f 1443 1548 1601
f 1601 1548 1527
f 1570 1456 1559
f 1570 1511 1510
f 1559 1511 1570
f 1510 1524 1570
f 1524 1456 1570
f 1560 1559 1453
f 1559 1456 1453
f 1453 1607 1560
f 1453 1608 1607
f 1453 1456 1457
f 1453 1455 1454
f 1454 1608 1453
f 1466 1455 1453
f 1453 1457 1466
f 1098 1088 1099
f 1099 1121 1098
f 1093 1088 1098
f 1098 1121 1093
f 247 256 248
f 247 249 269
f 250 319 312
f 312 320 272
f 312 300 320
f 312 319 300
f 251 252 253
f 253 249 251
f 248 254 251
f 251 247 248
f 249 247 251
f 254 263 251
f 251 263 252
f 259 263 258
f 259 399 263
f 258 261 259
f 261 399 259
f 346 339 347
f 349 348 347
f 347 348 346
f 347 339 340
f 347 355 349
f 340 355 347
f 471 275 276
f 293 291 284
f 284 275 283
f 284 276 275
f 331 1068 1069
f 331 768 1068
f 321 291 452
f 452 291 290
f 322 321 452
f 452 290 322
f 1069 289 287
f 292 291 294
f 294 416 292
f 294 291 321
f 321 416 294
f 428 291 293
f 428 281 291
f 455 303 305
f 305 432 455
f 301 303 455
f 455 299 301
f 272 299 455
f 29 27 315
f 27 316 315
f 315 314 29
f 295 314 315
f 315 316 295
f 364 361 310
f 310 267 364
f 310 361 459
f 45 391 266
f 391 267 266
f 265 45 266
f 266 267 265
f 446 267 462
f 446 376 341
f 446 365 376
f 9 1310 374
f 374 1310 1309
f 374 1313 9
f 1309 1313 374
f 1588 1381 1404
f 1404 1381 1384
f 1430 1358 1404
f 1404 1384 1430
f 1762 1759 1766
f 1762 1766 1752
f 1752 1639 1762
f 1634 184 1621
f 1621 1623 1634
f 1752 184 1634
f 1634 1639 1752
f 1721 1719 1720
f 1720 1769 1721
f 1750 1769 1720
f 1659 1750 1720
f 1720 1719 1659
f 1722 1212 1721
f 1721 1724 1722
f 1723 1212 1722
f 1722 1724 1723
f 1755 1627 1639
f 1639 1634 1755
f 1755 1634 1623
f 1631 1769 1757
f 1757 1769 1750
f 1750 1629 1757
f 1635 1636 1628
f 1636 1629 1628
f 1628 1630 1635
f 1628 1629 1630
f 1662 1633 1750
f 1662 1772 1633
f 1662 1750 1770
f 1661 1677 1662
f 1677 1679 1662
f 1679 1772 1662
f 1676 1772 1663
f 1663 1749 1676
f 1774 1772 1679
f 1774 1663 1772
f 1774 1679 1754
f 1774 1754 1773
f 1749 1663 1774
f 1675 1668 1667
f 1668 1749 1667
f 1669 1666 1664
f 1664 1667 1749
f 1664 1666 1675
f 1675 1667 1664
f 205 78 229
f 229 225 205
f 85 94 209
f 96 94 85
f 680 526 620
f 620 528 680
f 680 527 526
f 528 527 680
f 548 530 619
f 601 545 548
f 548 619 601
f 545 529 548
f 529 530 548
f 545 547 544
f 544 527 545
f 543 527 544
f 516 646 523
f 646 683 523
f 523 683 521
f 521 515 523
f 515 516 523
f 546 600 557
f 547 600 546
f 546 544 547
f 557 630 546
f 909 791 787
f 787 791 788
f 787 884 909
f 788 884 787
f 1442 1441 1619
f 1505 1441 1442
f 1442 1619 1519
f 1519 1505 1442
f 352 405 354
f 352 421 405
f 352 354 356
f 356 350 352
f 352 350 353
f 353 1464 352
f 1464 421 352
f 425 1464 422
f 422 423 425
f 1462 423 422
f 422 1464 1465
f 1465 1462 422
f 245 244 243
f 256 247 245
f 247 246 245
f 243 256 245
f 250 244 245
f 245 246 250
f 269 298 437
f 437 247 269
f 467 298 429
f 429 466 467
f 467 466 250
f 467 437 298
f 250 246 467
f 467 246 247
f 247 437 467
f 300 319 309
f 309 319 250
f 458 457 411
f 458 312 457
f 411 250 458
f 250 312 458
f 768 331 750
f 332 768 750
f 750 713 332
f 750 338 713
f 276 284 285
f 285 297 471
f 471 276 285
f 313 331 1069
f 1069 287 313
f 313 291 292
f 292 338 313
f 338 750 313
f 313 750 331
f 272 455 296
f 296 455 432
f 273 456 296
f 274 273 296
f 296 432 274
f 296 312 272
f 296 456 457
f 457 312 296
f 461 310 459
f 267 310 461
f 459 460 461
f 462 267 461
f 461 460 462
f 341 267 447
f 447 446 341
f 267 446 447
f 444 365 359
f 365 446 359
f 359 446 462
f 462 460 359
f 459 444 359
f 359 460 459
f 288 453 323
f 288 454 453
f 278 284 283
f 278 280 284
f 283 275 278
f 278 275 274
f 274 454 278
f 454 288 278
f 281 428 282
f 282 280 281
f 282 428 293
f 293 284 282
f 284 280 282
f 1588 1404 1587
f 1587 1404 1358
f 1639 1640 1648
f 1648 1762 1639
f 1648 1642 1743
f 1648 1640 1642
f 1759 1762 1648
f 1743 1656 1648
f 1656 1759 1648
f 1631 1757 1626
f 1626 1757 1629
f 1626 1629 1627
f 1624 1631 1626
f 1626 1623 1624
f 1627 1755 1626
f 1626 1755 1623
f 1770 1661 1660
f 1660 1662 1770
f 1661 1662 1660
f 1773 1669 3
f 3 1774 1773
f 1669 1664 3
f 1749 1774 3
f 3 1664 1749
f 81 230 232
f 225 229 81
f 81 229 78
f 81 82 201
f 78 82 81
f 201 96 81
f 232 230 231
f 96 85 231
f 231 81 96
f 209 71 231
f 231 85 209
f 72 70 71
f 72 73 74
f 72 71 73
f 630 541 542
f 542 546 630
f 542 541 543
f 543 544 542
f 544 546 542
f 271 466 429
f 250 466 271
f 271 309 250
f 306 300 270
f 300 309 270
f 270 304 306
f 429 304 270
f 270 271 429
f 309 271 270
f 413 284 291
f 413 285 284
f 291 313 413
f 286 313 287
f 286 287 289
f 285 413 286
f 286 413 313
f 289 297 286
f 297 285 286
f 15 288 323
f 15 278 288
f 280 278 15
f 281 280 15
f 15 323 322
f 322 281 15
f 1355 1357 1588
f 1588 1587 1355
f 1358 1357 1355
f 1355 1587 1358
f 225 81 67
f 67 81 232
f 74 225 67
f 67 72 74
f 232 70 67
f 70 72 67
f 68 70 232
f 232 231 68
f 71 70 68
f 68 231 71
f 230 81 95
f 95 231 230
f 81 231 95

