# https://github.com/mikedh/trimesh
v -0.03753543 0.00625333 0.08012222
v -0.03752266 0.00624359 0.08015597
v -0.03652057 0.04217798 0.08317020
v -0.03649239 0.04218582 0.08316622
v -0.03617380 0.00345692 0.07994558
v -0.02009660 -0.00346416 0.10358489
v -0.03607663 0.02556907 0.10166128
v -0.00314954 0.01087649 0.12592091
v -0.00315430 0.01087775 0.12592102
v -0.00315556 0.01086999 0.12591761
v 0.01564596 0.00811997 0.11915173
v -0.03093949 -0.03872672 -0.01594547
v -0.03968947 -0.01552922 -0.05031847
v -0.03969076 -0.01552626 -0.05031544
v -0.02298465 -0.04656193 -0.01198068
v 0.02853574 0.00692121 0.10224268
v 0.02853956 0.00695085 0.10225303
v -0.01482110 -0.05056924 -0.01303897
v -0.04043972 0.04801858 -0.09696273
v -0.04038632 0.04804255 -0.09696243
v -0.00523975 -0.05275774 -0.01032796
v -0.02396032 -0.03348423 -0.09368971
v 0.04346638 0.03515086 0.07966258
v 0.04346168 0.03520781 0.07971333
v -0.01941975 -0.04034976 -0.09308307
v -0.02052855 -0.03784395 -0.09599708
v -0.02052849 -0.03784183 -0.09599992
v -0.02015015 -0.03658846 -0.09780644
v -0.01523957 -0.04220606 -0.09901246
v -0.01525413 -0.04219822 -0.09900019
v -0.01115784 -0.04718695 -0.09390302
v 0.01827372 0.05096871 -0.10577686
v 0.01925680 0.04443205 -0.11450292
v -0.04454655 0.04796557 -0.08172349
v -0.04424419 0.04802508 -0.08453200
v -0.04365489 0.04865030 -0.08296634
v -0.04279203 0.04924960 -0.08067635
v -0.04200105 0.04955615 -0.07857901
v -0.04677333 0.04609785 -0.08522731
v -0.04204053 0.04953073 -0.08133062
v -0.04093151 0.04993413 -0.08140541
v -0.03798537 0.05074245 -0.07359617
v -0.03831696 0.04875315 -0.09713817
v -0.04062974 0.04513904 -0.10329192
v -0.04222648 0.04451312 -0.10186376
v -0.04167158 0.04239385 -0.10607274
v -0.03787457 0.04483145 -0.10732130
v -0.04008754 0.04304850 -0.10753432
v -0.04092867 0.04273713 -0.10680638
v -0.03735924 0.04621669 -0.10594561
v -0.03690212 0.04693395 -0.10472929
v -0.03669220 0.04725883 -0.10417077
v -0.04378841 0.04380849 -0.10034403
v -0.04326899 0.04518447 -0.09895756
v -0.04268407 0.04645419 -0.09745439
v -0.04271023 0.04642685 -0.09746795
v -0.04270005 0.04644846 -0.09744081
v -0.04206678 0.04756698 -0.09575483
v -0.04423746 0.04568838 -0.09585658
v -0.04369666 0.04701601 -0.09441387
v -0.03593638 0.04810019 -0.10216237
v -0.04133149 0.04845478 -0.09380045
v -0.04184232 0.04831781 -0.09342762
v -0.04339008 0.04743451 -0.09359860
v -0.03561645 0.04651230 -0.10698952
v -0.04296513 0.04791231 -0.09246937
v -0.03962547 0.04883355 -0.09494110
v -0.04376880 0.04489323 -0.09838389
v -0.03836094 0.04338074 -0.10862084
v -0.03192427 0.04663633 -0.10853384
v -0.03879358 0.04180850 -0.10977900
v -0.03705184 0.04210650 -0.11082568
v -0.04051002 0.04145329 -0.10866576
v -0.03641223 0.04887838 -0.09775454
v -0.02966368 0.04489660 -0.11388436
v -0.03006208 0.04324694 -0.11495246
v -0.03745689 0.04047188 -0.11191128
v -0.03569088 0.04071499 -0.11289412
v -0.02788916 0.04512047 -0.11484482
v -0.02827922 0.04345195 -0.11589097
v -0.03785272 0.04906142 -0.09590621
v -0.04058978 0.04046924 -0.10888471
v -0.03231369 0.03900074 -0.11528710
v -0.02326906 0.04228167 -0.11961679
v -0.03579742 0.03840531 -0.11319439
v -0.02468943 0.04380752 -0.11770465
v 0.01108340 0.04835089 -0.11351693
v 0.01113122 0.04844494 -0.11338956
v 0.01237484 0.04629548 -0.11577468
v 0.01260087 0.04680762 -0.11517204
v 0.01204661 0.04551044 -0.11665017
v 0.01319412 0.04801664 -0.11359133
v 0.00844921 0.04175705 -0.12054529
v 0.01268171 0.04536360 -0.11669238
v 0.01468936 0.04632147 -0.11530650
v 0.01415213 0.04498576 -0.11673983
v 0.01283929 0.04380631 -0.11809094
v 0.00752803 0.04900386 -0.11160419
v -0.02099271 0.04392129 -0.11923704
v -0.01892627 0.04417402 -0.11942412
v -0.01908398 0.04384167 -0.11984443
v -0.01955203 0.04234950 -0.12109574
v -0.01329080 0.04345124 -0.12149030
v -0.01525744 0.04366184 -0.12103527
v 0.01766063 0.05408394 -0.09605214
v 0.01589490 0.05470457 -0.08939975
v 0.01712704 0.05372804 -0.09746815
v 0.01448362 0.05480636 -0.08181266
v 0.02101376 0.05501722 -0.08150196
v 0.01877052 0.05498898 -0.08744345
v -0.03918953 0.05044082 -0.07678778
v -0.03896738 0.05027057 -0.08186279
v -0.04116716 0.04981188 -0.08203048
v -0.03600019 0.05115373 -0.07399722
v -0.03505098 0.05130641 -0.07148203
v -0.03962372 0.04969396 -0.08926767
v -0.03899666 0.04996388 -0.08760480
v 0.01408569 0.05283039 -0.09986819
v 0.01625563 0.05129566 -0.10545719
v 0.01159615 0.05080851 -0.10647761
v 0.01265567 0.05009870 -0.10933907
v 0.01892361 0.05346868 -0.09837399
v -0.04789859 0.04453677 -0.08614151
v -0.04216632 0.04865645 -0.09034787
v -0.04408283 0.04675344 -0.09392073
v -0.04003678 0.04948797 -0.09036328
v -0.03916520 0.04916207 -0.09371949
v -0.03876002 0.04942700 -0.09264430
v -0.03810939 0.04969378 -0.09091899
v -0.04500652 0.04519295 -0.09491104
v -0.01558098 -0.04440456 -0.09253828
v -0.01731510 -0.04273604 -0.09318960
v -0.01684447 -0.04315392 -0.09372771
v -0.01510169 -0.04473563 -0.09300506
v -0.01353576 -0.04581505 -0.09452818
v -0.01326729 -0.04595546 -0.09475092
v -0.01112343 -0.04720349 -0.09389390
v -0.00881753 -0.04824259 -0.09337500
v -0.01188957 -0.04660910 -0.09583649
v -0.00946610 -0.04786180 -0.09508976
v -0.01022214 -0.04732763 -0.09708796
v -0.01377724 -0.04550017 -0.09516526
v -0.01419080 -0.04492176 -0.09625606
v -0.01132567 -0.04625309 -0.09848956
v -0.01051068 -0.04696423 -0.09784931
v -0.04366740 0.03843459 0.07717943
v -0.04347138 0.03467205 0.08210485
v -0.04129261 0.03904837 0.08229386
v -0.04479465 0.03687352 0.07626599
v -0.04246254 0.04371727 0.07302824
v -0.04359185 0.04345231 0.07048498
v -0.04357370 0.04374786 0.07008555
v -0.04084934 0.03277781 0.09045889
v -0.04011538 0.03810086 0.08652140
v -0.04125999 0.03653972 0.08561450
v -0.04439125 0.04304610 0.06791477
v -0.04448545 0.04189193 0.06948333
v -0.04311318 0.04470810 0.06863777
v -0.04152892 0.03121806 0.08937642
v -0.04593631 0.04253526 0.06235357
v -0.04504400 0.04409564 0.06335571
v -0.04602863 0.03751749 0.06905434
v -0.04526967 0.03531436 0.07510628
v -0.04400414 0.03185836 0.08263343
v -0.04657512 0.03721249 0.06625514
v -0.04645424 0.03595847 0.06787598
v -0.04469525 0.04535104 0.06155756
v -0.04578997 0.04379006 0.06063184
v -0.03860209 0.03589996 0.09228852
v -0.04660317 0.04222990 0.05959981
v -0.04596681 0.03626330 0.07069748
v -0.04201294 0.02965887 0.08822011
v -0.04466925 0.03155301 0.07987901
v -0.04613664 0.03345067 0.07108902
v -0.04465295 0.04539351 0.06157798
v -0.04361757 0.04553335 0.06432129
v -0.04242762 0.02809991 0.08703762
v -0.04745443 0.03911188 0.05724310
v -0.04531519 0.04605863 0.05416720
v 0.04451132 -0.00506144 -0.05136801
v 0.04483888 -0.00350272 -0.05015262
v 0.04520461 -0.00475602 -0.04862423
v 0.04529794 -0.00319799 -0.04732041
v 0.04567373 -0.00445125 -0.04579582
v 0.04533013 -0.00164015 -0.04599350
v 0.04443624 -0.00787379 -0.05101224
v 0.04580991 -0.01132947 -0.04352592
v 0.04560564 -0.01414219 -0.04312137
v 0.04605180 -0.00977100 -0.04227819
v 0.04626364 -0.00540050 -0.04134653
v 0.04647274 -0.00665426 -0.03975900
v 0.04641432 -0.00384231 -0.04006436
v 0.04614884 -0.00258872 -0.04163060
v 0.04622074 -0.00103076 -0.04031869
v 0.04684534 -0.00479203 -0.03555508
v 0.04672125 -0.00635015 -0.03684729
v 0.04649597 -0.00228432 -0.03875613
v 0.04509550 -0.01396722 -0.04657180
v 0.02750163 0.04627669 -0.09958269
v 0.02686669 0.04752919 -0.10100943
v 0.02670396 0.04809886 -0.10045787
v 0.02637543 0.04908548 -0.09948489
v 0.02566484 0.04878000 -0.10222212
v 0.02393754 0.05002926 -0.10323642
v 0.02463770 0.04847358 -0.10483984
v 0.02259658 0.04966648 -0.10566200
v 0.01945450 0.05193143 -0.10264200
v 0.02159501 0.05309757 -0.09696369
v 0.01966357 0.05379123 -0.09641164
v 0.02181913 0.05315340 -0.09636967
v 0.02320262 0.05216636 -0.09837525
v 0.01994134 0.05386504 -0.09567539
v 0.02367238 0.05041170 -0.10280688
v 0.02399600 0.05246738 -0.09627163
v 0.02737389 0.04783406 -0.09819539
v 0.02082238 0.05285689 -0.09901191
v 0.02421595 0.05254701 -0.09568846
v 0.02353163 0.04816694 -0.10742777
v 0.02372605 0.04717760 -0.10835212
v 0.02175470 0.04901973 -0.10789679
v 0.02053251 0.04941244 -0.10796186
v 0.01988140 0.05002438 -0.10718833
v 0.01669163 0.04944528 -0.10997897
v 0.02720047 0.04969467 -0.09378531
v 0.02775369 0.04813856 -0.09533326
v 0.02813148 0.04844305 -0.09247036
v 0.02589098 0.05205809 -0.09125594
v 0.02545204 0.05280500 -0.09044704
v 0.01899255 0.04754676 -0.11172503
v 0.02256203 0.05331360 -0.09440082
v 0.02624940 0.04819326 -0.10166103
v 0.01777510 0.05260739 -0.10142257
v 0.02254668 0.04963149 -0.10579443
v 0.01814281 0.04784975 -0.11181005
v 0.02509396 0.05339938 -0.08769430
v 0.02446354 0.05362992 -0.08936219
v 0.02074025 0.05477137 -0.08789032
v 0.01690484 0.05497125 -0.08672280
v 0.01642772 0.05486903 -0.08798726
v 0.02105115 0.05479130 -0.08706676
v 0.02377031 0.05479254 -0.07986501
v 0.02196465 0.05501959 -0.07898349
v 0.04692858 -0.00574278 -0.03091449
v 0.02596497 0.04410764 -0.10635263
v 0.02503591 0.04535926 -0.10766831
v 0.02475581 0.04380069 -0.10890162
v 0.02422328 0.04224136 -0.11003961
v 0.02326633 0.04349291 -0.11134478
v 0.02968158 -0.00217057 -0.08716208
v 0.03033794 -0.00061088 -0.08607084
v 0.02981316 -0.00186860 -0.08695251
v 0.01830082 0.05096359 -0.10578018
v 0.01598222 0.04849896 -0.11186527
v 0.01028984 -0.04679591 -0.11266201
v 0.01186771 0.04933002 -0.11143202
v 0.01530385 0.04748244 -0.11366991
v 0.01680801 0.04567917 -0.11524480
v 0.02613750 0.04722365 -0.10373965
v 0.04532749 -0.00148551 -0.04585957
v 0.04657951 -0.00509619 -0.03846025
v 0.00904660 -0.04800160 -0.11400424
v 0.00695694 -0.04969823 -0.11389000
v 0.00863098 -0.04717085 -0.11509851
v 0.00668951 -0.04945865 -0.11459640
v 0.00674524 -0.04866752 -0.11566827
v 0.00610390 -0.04813432 -0.11613702
v 0.02245581 0.04972151 -0.10568251
v 0.02680208 0.04597125 -0.10232410
v 0.02237368 0.05158238 -0.10130689
v 0.02035521 0.05049836 -0.10592971
v 0.02542280 0.04254829 -0.10748698
v 0.02217100 0.05172065 -0.10111100
v 0.00600326 -0.04664440 -0.11639190
v 0.01610410 0.04723484 -0.11363997
v 0.02210853 0.04630160 -0.11123504
v 0.02528272 0.05332028 -0.08719498
v 0.02070803 0.05397986 -0.09364392
v 0.01820569 0.05434097 -0.09460653
v 0.02506923 0.05235863 -0.09342999
v 0.02449906 0.05219543 -0.09609830
v 0.02592212 0.05094527 -0.09496913
v 0.02519202 0.04691747 -0.10638820
v 0.02806067 0.04658172 -0.09678822
v 0.04491381 -0.00631462 -0.04985349
v 0.04508864 -0.01319273 -0.04759819
v 0.00861777 -0.04703181 -0.11513241
v 0.00868886 -0.04710401 -0.11506306
v -0.01308803 0.03784287 -0.12434090
v -0.01440444 0.03386533 -0.12451489
v -0.01426568 0.03800400 -0.12411496
v -0.01411790 0.04022044 -0.12370620
v -0.01374822 0.04193505 -0.12271366
v -0.01601877 0.04028229 -0.12307813
v -0.00815201 0.03688879 -0.12491768
v -0.00830163 0.03562282 -0.12532388
v -0.00932129 0.03504188 -0.12543568
v -0.00838508 0.03486526 -0.12555084
v -0.01046804 0.03456717 -0.12540786
v -0.00855443 0.03269760 -0.12601633
v -0.00625921 0.03429456 -0.12558695
v -0.00669849 0.03223753 -0.12609857
v -0.00642841 0.03241366 -0.12604981
v -0.00458046 0.03380154 -0.12555921
v -0.01042163 0.03523395 -0.12527972
v -0.00101272 0.03692759 -0.12422816
v -0.00155584 0.03644418 -0.12443726
v 0.00341785 0.03956028 -0.12256405
v 0.00799654 0.04023012 -0.12175615
v 0.01057904 0.04117740 -0.12057099
v 0.01200312 0.04068834 -0.12045335
v 0.01111586 0.03912797 -0.12145741
v 0.01283351 0.04031588 -0.12026879
v 0.01239851 0.03631963 -0.12161427
v 0.01804899 0.03699501 -0.11780561
v 0.01805272 0.03687490 -0.11779668
v 0.00980993 0.03395313 -0.12266459
v 0.00891193 0.03319382 -0.12297596
v 0.00739468 0.03201266 -0.12341458
v 0.01072873 0.03475695 -0.12232287
v 0.01469294 0.03944192 -0.11980246
v 0.01262857 0.04224794 -0.11935044
v 0.01153256 0.04412230 -0.11802250
v 0.01366416 0.04353865 -0.11804355
v 0.01636798 0.04421157 -0.11653922
v 0.01591523 0.04268481 -0.11775029
v 0.00997705 0.03776976 -0.12219206
v 0.01678354 0.04545422 -0.11542887
v 0.01657904 0.04412075 -0.11649741
v 0.01019368 0.03949826 -0.12160479
v 0.01685798 0.04565407 -0.11523013
v 0.01617294 0.04256179 -0.11768314
v 0.01923400 0.04429751 -0.11460991
v 0.01879677 0.04295582 -0.11577840
v 0.01894369 0.04287337 -0.11572376
v 0.01866226 0.04226460 -0.11614010
v 0.01990639 0.04006409 -0.11575982
v 0.01849145 0.04109568 -0.11660164
v 0.02074567 0.04162432 -0.11473765
v 0.02187932 0.04037331 -0.11349921
v 0.02261203 0.04193323 -0.11243680
v 0.02230678 0.04435622 -0.11213319
v 0.00995579 0.03748560 -0.12225061
v 0.02179501 0.04474293 -0.11245573
v 0.01818983 0.04131339 -0.11677819
v 0.00282809 0.03579274 -0.12415555
v 0.00265081 0.03364303 -0.12464193
v 0.00277299 0.03531897 -0.12430518
v 0.00265704 0.03168431 -0.12464076
v 0.00435809 0.03287698 -0.12426212
v 0.00507191 0.03040103 -0.12391704
v 0.00507936 0.03493844 -0.12386175
v 0.02145261 0.04318416 -0.11366551
v 0.02277601 0.04584569 -0.11087875
v 0.00984813 0.03517844 -0.12255382
v 0.00310913 0.03770780 -0.12339620
v 0.00772279 0.03829858 -0.12249633
v 0.01318658 0.04206805 -0.11931995
v 0.00977460 0.03756625 -0.12229005
v 0.02369222 0.04505192 -0.11016652
v -0.01971333 0.04016365 -0.12154008
v -0.01765719 0.04230127 -0.12173965
v 0.02381823 0.04661004 -0.10887504
v -0.00403811 0.03426542 -0.12536660
v 0.00317519 0.03568560 -0.12414290
v 0.00751297 0.03622243 -0.12306829
v 0.00631281 0.03444051 -0.12366110
v 0.00744938 0.03542955 -0.12324294
v 0.02188265 0.04276472 -0.11326895
v 0.02173396 0.04055035 -0.11368011
v 0.01810389 0.03694326 -0.11775737
v 0.01823684 0.03912083 -0.11729144
v 0.01902572 0.03850374 -0.11676637
v 0.01232854 0.03635659 -0.12163722
v 0.01232425 0.03624587 -0.12164945
v 0.00688457 0.03163008 -0.12354955
v 0.00043567 0.02931433 -0.12488060
v 0.00738876 0.03395270 -0.12341504
v 0.00689781 -0.05477602 -0.01216953
v 0.00808113 -0.05494439 -0.00903681
v 0.00408700 -0.05434261 -0.00828652
v 0.00273576 -0.05421126 -0.01186427
v 0.00452156 -0.05430634 -0.00713529
v 0.02027274 -0.05470157 -0.01071752
v 0.01824659 -0.05501959 -0.01608630
v 0.00809744 -0.05493831 -0.00899357
v 0.00786049 -0.05491880 -0.00893095
v 0.02035114 -0.05467770 -0.01050969
v 0.00978145 -0.05364537 -0.00452332
v -0.03692294 -0.02334769 -0.04436715
v -0.03554235 -0.02615573 -0.04456100
v -0.03912759 -0.01868097 -0.03951756
v -0.03838647 -0.02036078 -0.04124326
v 0.00451460 -0.05453365 -0.01281756
v -0.01675299 -0.04962987 -0.01698665
v -0.02274909 -0.04713886 -0.01805566
v -0.02305506 -0.04701485 -0.01783276
v -0.02320027 -0.04689101 -0.01821636
v -0.02697346 -0.04443028 -0.01686635
v -0.02707969 -0.04433955 -0.01674798
v -0.02961181 -0.04183829 -0.01912488
v -0.02384519 -0.04639932 -0.01425855
v -0.02146291 -0.04779848 -0.01362206
v -0.02296537 -0.04655784 -0.01192958
v -0.02327490 -0.04683704 -0.01485159
v -0.02419871 -0.04631933 -0.01519422
v -0.02079870 -0.04808409 -0.01412005
v -0.02193928 -0.04622634 -0.00934480
v -0.01961305 -0.04735149 -0.00871918
v -0.01932304 -0.04747297 -0.00866614
v -0.01801904 -0.04864533 -0.01016958
v -0.01545804 -0.04940903 -0.00905478
v -0.01599899 -0.04960143 -0.01048899
v -0.01399555 -0.05026934 -0.01035022
v -0.01385031 -0.05033982 -0.01046602
v -0.01644270 -0.04968775 -0.01166484
v -0.01480402 -0.05057510 -0.01305051
v -0.01309095 -0.05106476 -0.01412258
v -0.01135680 -0.05154605 -0.01519547
v -0.00957929 -0.05167059 -0.01048868
v -0.00946944 -0.05165713 -0.01019762
v -0.00733320 -0.05225127 -0.01020647
v -0.00758202 -0.05082420 -0.00519225
v -0.01351415 -0.05087466 -0.01654306
v -0.01184861 -0.05137797 -0.01649672
v -0.00994556 -0.05151173 -0.01021290
v -0.01067907 -0.05060784 -0.00773109
v -0.00523584 -0.05275748 -0.01031761
v -0.01561529 -0.05017073 -0.01513928
v -0.03398787 -0.02074852 -0.07618558
v -0.00579983 -0.05058934 -0.00276158
v -0.00668518 -0.05030174 -0.00281286
v -0.00132612 -0.05183048 -0.00278424
v 0.00591316 -0.05337114 -0.00344231
v -0.00158669 -0.05286079 -0.00631561
v -0.00211690 -0.05302336 -0.00772116
v -0.00327507 -0.05221675 -0.00512022
v -0.00323135 -0.05218933 -0.00500421
v -0.02833323 -0.04261782 -0.01479147
v 0.02118059 -0.05486721 -0.01397642
v -0.00877154 -0.05222344 -0.01401571
v 0.00919754 -0.05419719 -0.00607412
v -0.00434952 -0.05301733 -0.01363425
v -0.00844632 -0.05228462 -0.01315485
v -0.00237835 -0.05156772 -0.00274017
v -0.02830586 -0.02756946 -0.08969826
v 0.02221004 -0.05464465 -0.01124816
v -0.02300546 -0.04653287 -0.01194779
v -0.02665010 -0.03037669 -0.08999601
v -0.01020573 -0.05181588 -0.01312020
v 0.00738987 -0.05397733 -0.00519800
v -0.01979222 -0.04850540 -0.01486479
v -0.00341452 -0.05214003 -0.00500126
v -0.00751916 -0.05079023 -0.00502548
v -0.01732533 -0.04828821 -0.00832949
v -0.02054071 -0.04774182 -0.01117914
v 0.00786586 -0.05355024 -0.00393398
v -0.00451412 -0.05097462 -0.00273011
v 0.00561225 -0.05365060 -0.00424144
v 0.01733218 -0.05377355 -0.00717429
v 0.02027001 -0.05491386 -0.01638847
v -0.00319596 -0.05313373 -0.01057994
v -0.00525972 -0.05275224 -0.01031565
v -0.01628557 -0.04981772 -0.01691174
v -0.01482606 -0.05056771 -0.01305210
v -0.02687906 -0.04449470 -0.01661682
v -0.02645322 -0.04464107 -0.01999005
v -0.02838192 -0.04299351 -0.02058542
v -0.02770253 -0.04380021 -0.01879236
v -0.01402828 -0.05068560 -0.01660214
v -0.03992750 0.04406990 0.07511252
v -0.03364362 0.03942555 0.09068962
v -0.03500485 0.03801041 0.09273533
v -0.03635724 0.03746436 0.09277999
v -0.03225223 0.03792806 0.09436299
v -0.03680270 0.03620866 0.09461467
v -0.03634014 0.03370129 0.09777297
v -0.03429934 0.03401069 0.10000797
v -0.03219817 0.03510047 0.10014607
v -0.03152430 0.03427413 0.10192435
v -0.03597532 0.03244799 0.09930171
v -0.03669511 0.03670844 0.09391049
v -0.02814340 0.03320337 0.10520829
v -0.02781979 0.03276284 0.10606192
v -0.03439544 0.03393505 0.09997947
v -0.03167619 0.04230587 0.08459885
v -0.01942222 0.03138137 0.11130605
v -0.01416468 0.03033595 0.11389844
v -0.01677611 0.03092027 0.11264864
v -0.00747371 0.03398216 0.10899994
v 0.00749171 0.03421798 0.10900361
v 0.00812602 0.03325095 0.11067600
v 0.01008306 0.03356217 0.11019964
v 0.01068487 0.03247966 0.11178508
v 0.01395927 0.03405000 0.10914558
v 0.01138901 0.03478075 0.10800597
v 0.01141556 0.03789496 0.10243864
v 0.01270697 0.03906184 0.10020606
v 0.00930747 0.03781791 0.10251680
v 0.01224135 0.03965681 0.09897753
v 0.02622393 0.03757235 0.10202198
v 0.02682661 0.03649291 0.10360973
v 0.03360061 0.03721198 0.09890823
v 0.02943892 0.03893149 0.09922348
v 0.03312423 0.03874053 0.09765850
v 0.03071876 0.04005720 0.09695993
v 0.03256196 0.03996365 0.09617889
v 0.03132307 0.04200335 0.09291366
v 0.03381216 0.04098400 0.09383603
v 0.03319626 0.04201645 0.09221289
v 0.03505413 0.04197505 0.09147110
v 0.03012225 0.03189657 0.10664022
v 0.02560177 0.03858259 0.10038211
v 0.02998862 0.04370330 0.08939268
v 0.02685178 0.04262205 0.09240033
v 0.02476340 0.04486362 0.08688677
v 0.02018406 0.04509810 0.08608425
v 0.02577482 0.04805477 0.07826645
v 0.03082806 0.04930273 0.07467366
v 0.03157653 0.04874166 0.07665160
v 0.01008242 0.03959957 0.09892117
v 0.01203799 0.03990554 0.09844086
v 0.01134924 0.04067899 0.09662277
v 0.03626689 0.04286226 0.08902802
v 0.00868164 0.04106364 0.09522266
v 0.03973496 0.04189889 0.08688164
v 0.03670039 0.04197365 0.09016921
v 0.03689037 0.04166577 0.09050726
v 0.00914062 0.05168529 0.05688715
v 0.00950926 0.04662106 0.08047201
v 0.00877731 0.04724087 0.07853828
v 0.03776768 0.03853142 0.09296897
v 0.03657331 0.03770962 0.09546127
v 0.03602927 0.03790011 0.09583182
v 0.03030186 0.03102240 0.10710908
v 0.02881246 0.03066437 0.10882362
v 0.02705138 0.03104992 0.10982445
v 0.02525952 0.03132599 0.11074288
v 0.02341220 0.03140491 0.11151290
v 0.02433119 0.02822776 0.11392197
v 0.02457713 0.02702115 0.11456389
v 0.02294891 0.02673778 0.11591136
v 0.02251730 0.02842552 0.11478146
v 0.02469034 0.02628235 0.11485793
v 0.02064803 0.02842636 0.11549271
v 0.02014596 0.02986355 0.11417424
v 0.01874925 0.02832229 0.11612500
v 0.01961780 0.03120798 0.11278592
v 0.02111810 0.02687538 0.11672555
v 0.02476583 0.03279300 0.10944684
v 0.02370257 0.02657428 0.11548433
v 0.02626057 0.02521825 0.11334634
v 0.02768589 0.02686126 0.11147215
v 0.03138182 0.04890016 0.07613716
v 0.03623852 0.04578122 0.08331371
v 0.00946688 0.03761347 0.10293739
v 0.02170366 0.03499706 0.10701594
v 0.02109565 0.03605758 0.10541393
v 0.01783443 0.03453407 0.10808870
v 0.02038086 0.03371860 0.10916452
v 0.01102368 0.02744212 0.11830499
v 0.00904997 0.02707165 0.11873675
v 0.00797524 0.02969504 0.11591086
v 0.00952014 0.02552101 0.11996986
v 0.00753418 0.02510695 0.12036881
v 0.01192490 0.02420179 0.12066650
v 0.01221725 0.02276377 0.12142954
v 0.01386790 0.02446310 0.12015257
v 0.01579739 0.02467639 0.11960248
v 0.00600943 0.02935262 0.11636375
v 0.01150366 0.02592638 0.11956436
v 0.01990847 0.02277692 0.11915177
v 0.02173195 0.02243103 0.11831652
v 0.01957880 0.02482710 0.11829468
v 0.01934665 0.02613904 0.11769011
v 0.02145447 0.02484901 0.11760054
v 0.01536743 0.02636998 0.11847700
v 0.01230498 0.02233082 0.12165848
v -0.01357379 0.02921454 0.11545463
v -0.02365698 0.02961866 0.11140049
v -0.02495662 0.02711884 0.11249039
v -0.02590129 0.02828599 0.11110801
v -0.02744555 0.02555373 0.11209108
v -0.02395151 0.01910682 0.11620012
v -0.02025263 0.02211526 0.11738022
v 0.01036060 0.02206462 0.12216874
v -0.02391581 0.01883288 0.11629252
v 0.01922092 0.02677696 0.11736210
v -0.02749361 0.03229141 0.10692212
v 0.01771092 0.04899146 0.07390257
v 0.01654009 0.04825334 0.07645788
v -0.01782985 0.01398943 0.12045325
v -0.03713817 0.03707239 0.09273990
v -0.03106588 0.04174120 0.08621085
v -0.03490951 0.03997739 0.08890042
v -0.03504271 0.04089561 0.08699561
v -0.03783977 0.04081995 0.08524902
v -0.03458984 0.04042121 0.08819134
v 0.01259095 0.02012529 0.12239862
v -0.01723485 0.02626935 0.11705927
v -0.01755985 0.02737225 0.11620716
v -0.01514759 0.02704360 0.11693143
v -0.01424097 0.02382248 0.11930741
v -0.01130923 0.02115463 0.12138920
v -0.00913558 0.02223605 0.12149257
v -0.00876444 0.02033332 0.12246065
v -0.00661918 0.02131378 0.12248803
v -0.00704162 0.02303412 0.12138267
v -0.01351437 0.01996125 0.12120156
v -0.00414610 0.02023751 0.12336755
v -0.01644721 0.02262516 0.11911679
v -0.01167396 0.02308016 0.12043831
v -0.00319087 0.01396679 0.12584834
v -0.00390857 0.01368637 0.12588010
v 0.00107257 0.01489387 0.12582331
v 0.00117824 0.01298483 0.12608822
v 0.00309156 0.01456488 0.12550601
v 0.00303548 0.01616359 0.12537002
v 0.00281511 0.01774070 0.12479872
v -0.00311665 0.01334326 0.12604004
v -0.00251440 0.02261429 0.12204568
v -0.01674066 0.02242904 0.11905975
v -0.00348534 0.02560673 0.11949758
v 0.00053845 0.02661930 0.11883850
v 0.00103976 0.02517942 0.12015495
v 0.01070211 0.01940267 0.12305239
v -0.01637364 0.02213907 0.11930784
v -0.02040157 0.02810169 0.11434857
v -0.02091689 0.02949175 0.11299462
v -0.01769961 0.02783919 0.11584064
v -0.02264676 0.02676589 0.11405373
v -0.01349888 0.01987477 0.12124191
v -0.01400425 0.01711625 0.12168694
v -0.01233149 0.01586683 0.12272183
v -0.01424597 0.01430342 0.12210562
v -0.03357307 0.04123571 0.08672934
v -0.00752128 0.03683282 0.10323424
v -0.00949244 0.03647138 0.10367280
v -0.01146418 0.03610788 0.10410982
v -0.01076037 0.03538801 0.10596823
v 0.01717284 0.04144370 0.09506650
v -0.01881666 0.03031211 0.11290149
v 0.02838808 0.03237781 0.10771308
v 0.03729682 0.04913903 0.07481884
v 0.03799556 0.04840114 0.07666369
v 0.03984594 0.04833312 0.07590187
v 0.04108846 0.04630633 0.07917683
v 0.03898729 0.04696196 0.07927902
v 0.03927436 0.04650334 0.08003574
v 0.03918267 0.04919714 0.07415195
v 0.04164550 0.04808440 0.07500403
v 0.04103988 0.04915343 0.07340843
v 0.04333875 0.04745771 0.07382169
v 0.04278974 0.04872798 0.07237756
v 0.04033835 0.04982971 0.07155570
v 0.04257949 0.04899832 0.07182285
v 0.04316623 0.04860382 0.07212773
v 0.03960835 0.05050815 0.06962760
v 0.04142217 0.05031016 0.06876795
v 0.03848360 0.04993387 0.07230623
v 0.03609571 0.04829324 0.07729310
v 0.03657542 0.04979639 0.07291337
v 0.04052208 0.04639064 0.07946459
v 0.03274623 0.04947576 0.07409328
v 0.04489662 0.04936943 0.06663861
v -0.03937325 0.03879238 0.08683374
v 0.01065497 0.01988894 0.12293134
v 0.02419927 0.03400091 0.10795577
v -0.04239059 0.04375925 0.07303697
v -0.00172381 0.01898060 0.12411112
v 0.02301938 0.02630705 0.11609463
v 0.03684145 0.04168281 0.09054051
v -0.02149850 0.03064615 0.11146327
v 0.02739409 0.03528826 0.10510326
v -0.00622003 0.01212178 0.12541377
v -0.00774102 0.01277670 0.12511198
v 0.02793676 0.03399545 0.10653041
v -0.03980703 0.04061052 0.08307202
v -0.03858041 0.04140889 0.08329205
v 0.02907956 0.02839170 0.10951324
v 0.02152948 0.03135792 0.11218815
v 0.02970169 0.03362361 0.10553990
v -0.03819434 0.04559888 0.07302329
v -0.01913399 0.02294161 0.11766536
v 0.03837628 0.05002998 0.07202274
v -0.01825486 0.02908731 0.11437983
v 0.02752333 0.03876763 0.09981077
v 0.03711579 0.04984030 0.07274572
v -0.03099236 0.03181511 0.10509785
v -0.02545211 0.03290293 0.10667179
v 0.02230730 0.03392102 0.10860626
v -0.01561533 0.02860286 0.11570484
v -0.03755682 0.04092054 0.08522794
v 0.02128951 0.02598221 0.11717254
v 0.02880541 0.03990132 0.09755322
v 0.02752479 0.04179264 0.09417630
v 0.01967207 0.04348021 0.09037761
v 0.02727108 0.04211331 0.09350685
v 0.03686667 0.04479231 0.08496962
v 0.03630286 0.03863577 0.09475224
v 0.03438346 0.03979295 0.09533978
v 0.03610331 0.03926083 0.09422863
v 0.00293369 0.03754805 0.10261974
v 0.00880012 0.03846508 0.10117813
v 0.01576792 0.03081378 0.11391045
v 0.01632486 0.02957168 0.11537579
v 0.00542595 0.03050033 0.11482737
v 0.01490131 0.02793498 0.11725471
v 0.00100054 0.01557534 0.12563786
v 0.00236561 0.02022651 0.12362768
v 0.00032597 0.01962157 0.12388295
v 0.00473292 0.01877414 0.12422410
v -0.00872856 0.01336874 0.12469442
v -0.02539973 0.02684698 0.11242513
v -0.01556980 0.01836600 0.12061156
v -0.01356916 0.01992967 0.12119524
v -0.01042749 0.03497775 0.10684666
v -0.01008770 0.03455743 0.10774332
v -0.03621084 0.04861888 0.05565209
v -0.03729103 0.04817363 0.05844973
v -0.03752595 0.04757031 0.06348488
v -0.03668051 0.04735402 0.06572234
v -0.03866202 0.04695576 0.06613319
v -0.04229219 0.04677293 0.06217925
v -0.04351856 0.04565791 0.06411882
v -0.03782285 0.04671718 0.06835389
v -0.03585094 0.04708130 0.06791733
v -0.03700266 0.04641111 0.07052377
v -0.03842867 0.04568757 0.07240336
v -0.03622557 0.04595180 0.07257831
v -0.03316880 0.04983325 0.04107030
v -0.03381476 0.04988348 0.03935985
v -0.03581310 0.04659082 0.07022608
v -0.04319846 0.04693767 0.05411823
v -0.03652449 0.04730449 0.06613517
v 0.01089477 0.05195523 0.05587311
v 0.01125609 0.05181938 0.05682901
v 0.02522816 0.05343584 0.04855053
v 0.02297083 0.05338642 0.04823363
v 0.03753692 0.05501959 0.03586650
v 0.03566741 0.05501959 0.03657713
v 0.03654043 0.05490137 0.03888841
v 0.03465768 0.05485429 0.03956360
v 0.04019181 0.05458975 0.03723261
v 0.03848476 0.05496483 0.03271439
v 0.04175939 0.05392131 0.04704117
v 0.04350988 0.05349814 0.04601202
v 0.04432273 0.05316597 0.04816226
v 0.04236615 0.05367520 0.04864626
v 0.04360377 0.05336011 0.04860244
v 0.04457807 0.05290990 0.04883652
v 0.04502560 0.05244274 0.05001815
v 0.04588771 0.05208314 0.04663658
v 0.04257158 0.05358680 0.04918965
v 0.04546424 0.05211124 0.04956646
v 0.04568890 0.05157882 0.05176814
v 0.04635506 0.05085950 0.05089659
v 0.04443987 0.05241158 0.05295876
v 0.04392821 0.05269328 0.05277569
v 0.04409754 0.05256783 0.05322320
v 0.04704500 0.04975332 0.04968344
v 0.04236593 0.05305816 0.05430290
v 0.04618458 0.05180999 0.04628893
v 0.04799032 0.04774884 0.04760104
v 0.04802670 0.04869994 0.04291528
v 0.04826809 0.04725231 0.04157913
v 0.04773180 0.04995344 0.04136015
v 0.04791622 0.04922357 0.04066264
v 0.04709961 0.05120595 0.03993237
v 0.04736868 0.05049910 0.03922248
v 0.04604051 0.05242390 0.04138191
v 0.04778447 0.04809247 0.03699566
v 0.04742159 0.04934577 0.03546620
v 0.04433977 0.05340316 0.03463591
v 0.04523955 0.05259577 0.03359985
v 0.04333473 0.05399292 0.03422792
v 0.04545096 0.05275883 0.04189391
v 0.04851156 0.04463489 0.04472612
v 0.02193264 0.05050521 0.06810957
v 0.03234812 0.05108003 0.06738939
v 0.03772175 0.05044737 0.07029248
v 0.03885435 0.05104957 0.06763486
v 0.04071336 0.05101223 0.06689613
v 0.03861128 0.05118481 0.06699214
v 0.04050137 0.05114731 0.06633575
v 0.03993643 0.05147212 0.06484203
v 0.04319384 0.04996226 0.06779546
v 0.04176607 0.05133038 0.06402471
v 0.04212094 0.04957234 0.07061285
v 0.04456356 0.04955896 0.06692813
v 0.04262771 0.05057556 0.06630086
v 0.03314311 0.05068435 0.06949183
v 0.04197866 0.05080569 0.06623763
v -0.04239153 0.04678701 0.06191626
v 0.04016693 0.04984932 0.07159369
v 0.04419359 0.05218923 0.02266894
v 0.04030835 0.05480157 0.03188088
v 0.04121154 0.05458806 0.02860927
v 0.04208527 0.05447234 0.03092244
v 0.04369787 0.05355886 0.02952423
v 0.04033748 0.05470258 0.02629521
v 0.04232094 0.05434818 0.03072613
v 0.01692762 0.04942868 0.07183140
v 0.04517260 0.05014815 0.06171359
v 0.04719809 0.04740225 0.05858326
v 0.04465404 0.05051022 0.06222194
v 0.01419990 0.04959956 0.07027038
v 0.03970792 0.05347690 0.05292844
v 0.02699103 0.04895425 0.07583261
v 0.00682363 0.05237354 0.05075595
v 0.04074970 0.05375616 0.05002775
v -0.04851156 0.04135501 0.03761511
v 0.04291259 0.05419162 0.03311141
v -0.03740791 0.04517277 0.07510283
v -0.04783184 0.04226714 0.04637509
v 0.04746909 0.04333656 0.06047484
v -0.03729935 0.04817344 0.05842769
v 0.04730662 0.04930456 0.04919824
v -0.04193868 0.04537738 0.06876665
v -0.04249477 0.04554478 0.06729515
v -0.03486051 0.04959012 0.04224992
v 0.04784003 0.04553310 0.05741807
v 0.04443322 0.05319496 0.03146899
v 0.04455495 0.05310041 0.03154911
v 0.04783209 0.04584638 0.05700483
v 0.04527603 0.05292804 0.03936112
v -0.03515202 0.04675131 0.06976586
v 0.04777120 0.04609322 0.05724016
v 0.04353605 0.05097648 0.06304770
v 0.04449204 0.05316028 0.03162449
v 0.04639370 0.04804520 0.06493122
v 0.04591443 0.05245681 0.03871337
v 0.04440346 0.05249321 0.02559523
v 0.03725586 0.05181065 0.06340719
v 0.02623606 0.04949222 0.07383727
v 0.04051152 0.05311183 0.05505392
v 0.03985456 0.05343192 0.05331646
v 0.04187970 0.05414654 0.04169954
v -0.04538914 0.04599661 0.05414199
v 0.00874642 0.05256300 0.05018793
v -0.04078475 -0.01277631 -0.04753571
v -0.04039659 -0.01461854 -0.04652210
v -0.03947721 -0.00571505 -0.06666556
v -0.04059451 -0.01366781 -0.04562961
v -0.03991032 -0.01611192 -0.04524592
v -0.03974468 -0.01647742 -0.04562306
v -0.03825902 -0.02011019 -0.04656580
v -0.03874500 -0.01861578 -0.04784121
v -0.03726770 -0.02304534 -0.04123144
v -0.03948354 -0.01761426 -0.03846530
v -0.03958354 -0.01712457 -0.03800634
v -0.03261840 -0.03509518 -0.02041984
v -0.03265431 -0.03496867 -0.02029745
v -0.03944721 -0.00579393 -0.06674477
v -0.03607582 -0.01733582 -0.06971357
v -0.03386732 -0.01900484 -0.08022202
v -0.03349613 -0.01979607 -0.08104327
v -0.03348962 -0.02088425 -0.07923640
v -0.03339050 -0.02105013 -0.07941667
v -0.03173038 -0.02039759 -0.08772105
v -0.02908555 -0.02536946 -0.09025549
v -0.02511364 -0.02829454 -0.09674488
v -0.02584810 -0.03037523 -0.09304436
v -0.02557998 -0.03067690 -0.09340559
v -0.02440150 -0.03187895 -0.09488685
v -0.02396436 -0.03344423 -0.09374134
v -0.02550381 -0.03164907 -0.09214249
v -0.02400460 -0.03222999 -0.09533947
v -0.03214447 -0.01972885 -0.08698879
v -0.03247992 -0.01769920 -0.08786133
v -0.03084496 -0.02175557 -0.08922495
v -0.02514578 -0.02808058 -0.09682833
v -0.03268752 -0.01884267 -0.08602060
v -0.03261184 -0.02118812 -0.08257602
v -0.02287474 -0.03309763 -0.09651478
v -0.02345772 -0.03496797 -0.09241144
v -0.02094995 -0.03612347 -0.09710271
v -0.02148317 -0.03781686 -0.09286618
v -0.02367322 -0.03473775 -0.09213163
v -0.02200749 -0.03645875 -0.09424419
v -0.02949365 -0.02350647 -0.09124369
v -0.03211374 -0.01507786 -0.09123668
v -0.03180078 -0.01548700 -0.09170735
v -0.03234809 -0.01633292 -0.08948172
v -0.03616310 -0.00461114 -0.08618966
v -0.04211134 0.03992152 -0.10603243
v -0.04181319 0.03954419 -0.10647012
v -0.04358206 0.01632299 0.05539483
v -0.04730938 0.03785794 0.05885481
v -0.04725647 0.04067023 0.05850742
v -0.04716918 0.03318511 0.05478470
v -0.04345574 0.01693012 0.06135821
v -0.04314602 0.01510289 0.05966977
v -0.04717303 0.03321059 0.05480806
v -0.03875912 0.00721240 0.07592228
v -0.03941901 0.00846482 0.07450496
v -0.03735894 0.00254329 0.07137644
v -0.03571202 0.00042014 0.07358176
v -0.03548727 0.00024122 0.07417561
v -0.03267928 -0.00286663 0.07592622
v -0.03499192 0.00220667 0.08116499
v -0.02815420 -0.00218446 0.09126109
v -0.02927281 -0.00138876 0.09062193
v -0.02982756 -0.00093505 0.09022643
v -0.02867834 -0.00132765 0.09219685
v -0.03117288 0.00031535 0.08906789
v -0.03714106 0.00470844 0.07864431
v -0.03541037 0.00004031 0.07397367
v -0.02515635 -0.00498773 0.09045662
v -0.04016359 0.00785586 0.06877501
v -0.04072963 0.00910856 0.06732225
v -0.04055549 0.00820198 0.06647675
v -0.03924739 0.00474308 0.06575096
v -0.03835126 0.00294736 0.06661147
v -0.03851754 0.00349086 0.06714187
v -0.03753738 0.00626501 0.08013301
v -0.03446350 0.02306510 0.10438517
v -0.03527330 0.02431708 0.10302445
v -0.03386896 0.02462460 0.10549974
v -0.03291664 0.02618517 0.10647924
v -0.03305930 0.02337262 0.10686052
v -0.03199249 0.02212141 0.10812419
v -0.03290144 0.03025171 0.10447960
v -0.03361299 0.02181324 0.10573052
v -0.03299601 0.01432970 0.10180780
v -0.03194373 0.01307844 0.10307698
v -0.03185209 0.01619420 0.10572050
v -0.03168815 0.01775243 0.10699765
v -0.03072623 0.01494317 0.10696188
v -0.03061286 0.01650124 0.10825813
v -0.02891897 0.01680963 0.11062412
v -0.02341742 0.01617829 0.11622445
v -0.02467201 0.01289112 0.11424317
v -0.02536017 0.01149929 0.11294078
v -0.02580286 0.00994024 0.11176888
v -0.02198632 0.00900052 0.11499988
v -0.02255900 0.01773857 0.11723939
v -0.02553634 0.00974450 0.11192934
v -0.02145080 0.01055986 0.11613675
v -0.02020453 0.00775141 0.11599362
v -0.02052353 0.00619273 0.11477501
v -0.01966938 0.00931075 0.11713063
v -0.01812565 0.01421239 0.12026757
v -0.01921206 0.00901740 0.11734949
v -0.01962352 0.00739726 0.11624703
v -0.02796950 0.01992794 0.11294375
v -0.02582947 0.00920707 0.11114876
v -0.02237157 0.00744164 0.11380628
v -0.03025574 0.01806006 0.10946235
v -0.02829763 0.02273909 0.11274021
v -0.02913307 0.02117888 0.11171659
v -0.02949308 0.02398992 0.11152510
v -0.03308372 0.00982260 0.09760264
v -0.02886859 0.00279003 0.09855355
v -0.03017819 0.00404054 0.09738153
v -0.03407764 0.01090761 0.09653253
v -0.04047020 0.01966932 0.08728081
v -0.04096090 0.01936450 0.08446056
v -0.04068012 0.02122646 0.08869914
v -0.03994187 0.01997427 0.09008688
v -0.03993573 0.02088305 0.09086575
v -0.03951865 0.02100247 0.09197131
v -0.03992621 0.02153205 0.09142002
v -0.03923822 0.02620734 0.09517744
v -0.03984409 0.02745993 0.09373972
v -0.04028622 0.02590086 0.09256759
v -0.03776758 0.03181459 0.09669374
v -0.03794776 0.03339315 0.09537442
v -0.03831081 0.03464645 0.09384502
v -0.03161983 -0.03747436 -0.01735507
v -0.03092952 -0.03875725 -0.01597550
v -0.02851801 -0.04308943 -0.01787139
v -0.04851156 0.04070738 0.04529267
v -0.04726378 0.03474258 0.05615948
v -0.04520286 0.02969031 0.07573589
v -0.04526302 0.03094247 0.07683513
v -0.04484541 0.02920497 0.07792757
v -0.04524891 0.03124793 0.07709234
v -0.04487970 0.02999465 0.07861942
v -0.04437676 0.03311163 0.08110765
v -0.04529480 0.03151442 0.07675545
v -0.04614945 0.03189289 0.06975480
v -0.01348197 0.01149355 0.12214458
v -0.01297843 0.01219971 0.12256020
v -0.01308007 0.01127574 0.12228377
v -0.01050990 0.01110723 0.12342752
v -0.01484911 0.00837400 0.11998265
v -0.01003347 0.01180714 0.12384807
v -0.00796618 0.01073528 0.12449965
v -0.01006433 0.00587941 0.12150902
v -0.00861781 0.00710765 0.12274538
v -0.03656433 0.00501352 0.08143209
v -0.02795556 0.00465386 0.10255341
v -0.03769276 0.00223893 0.06849694
v -0.02244265 0.00432593 0.11115500
v -0.02130109 0.00353915 0.11177374
v -0.02026845 0.00152023 0.11066151
v -0.01943671 0.00100915 0.11102972
v -0.01811055 0.00027224 0.11151322
v -0.01844173 0.00182902 0.11297733
v -0.01627618 0.00064925 0.11373556
v -0.01611663 0.00058152 0.11376593
v -0.01398387 -0.00029784 0.11413731
v -0.01343273 0.00100640 0.11560722
v -0.01609458 0.00111975 0.11422022
v -0.02067470 0.00467321 0.11344163
v -0.01999946 0.00032744 0.10953393
v -0.04310080 0.02779453 0.08428625
v -0.02857459 0.00123316 0.09710349
v -0.02790471 -0.00032261 0.09551150
v -0.02233027 -0.00151535 0.10334630
v -0.02122670 -0.00081381 0.10627462
v -0.02084008 -0.00190032 0.10519368
v -0.01940788 -0.00159273 0.10765846
v -0.01897066 -0.00266183 0.10657325
v -0.01876497 -0.00314857 0.10607667
v -0.01661164 -0.00414365 0.10714751
v -0.01597994 -0.00343570 0.10882610
v -0.02011069 -0.00345592 0.10357921
v -0.01795910 -0.00470394 0.10443333
v -0.02273340 -0.00173803 0.10227688
v -0.02205741 -0.00220731 0.10264777
v -0.02135545 -0.00034411 0.10672732
v -0.04253585 0.02654183 0.08573942
v -0.02026716 -0.03909755 -0.09442930
v -0.02277239 0.00773080 0.11357188
v -0.02499037 0.00215389 0.10476680
v -0.03251802 0.00475920 0.09339919
v -0.03326528 -0.01477789 -0.08779636
v -0.02898340 -0.00062917 0.09291323
v -0.03378447 0.00779298 0.09374372
v -0.04258906 0.02498393 0.08442046
v -0.04103429 0.02996515 0.09085615
v -0.04043639 0.03152466 0.09196945
v -0.03768935 -0.00293573 -0.08142456
v -0.04658350 0.03440035 0.06658572
v -0.04665912 0.03846661 0.06462037
v -0.04514525 0.03406035 0.07672578
v -0.03557112 0.00376208 0.08272357
v -0.01879606 -0.00546596 0.10135166
v -0.01653335 -0.00625746 0.10255595
v -0.01851206 -0.00536128 0.10210466
v -0.01775945 -0.00500252 0.10410077
v -0.01910334 -0.00501069 0.10185981
v -0.01630240 -0.00646908 0.10228626
v -0.01817346 0.00325361 0.11439304
v -0.02060821 0.00481025 0.11361880
v -0.01800905 0.00650354 0.11683114
v -0.03070493 -0.02195231 -0.08944729
v -0.03658549 0.03495493 0.09619913
v -0.02176236 0.00121245 0.10822002
v -0.02540075 -0.03200699 -0.09187233
v -0.02874353 0.00186550 0.09771127
v -0.03568144 0.02634267 0.10217606
v -0.03512047 0.01215890 0.09525979
v -0.03599843 -0.02490271 -0.04605528
v -0.02579236 0.00838251 0.11042585
v -0.02017767 0.00013419 0.10906042
v -0.03112742 -0.03933403 -0.02188559
v -0.03048878 -0.04061508 -0.02048480
v -0.01533852 -0.00575063 0.10484473
v -0.03076300 0.03056141 0.10667773
v -0.01603207 0.00213951 0.11507306
v -0.04500827 0.04207745 -0.09758849
v -0.04497816 0.04226219 -0.09784518
v -0.04494205 0.04191625 -0.09775224
v -0.02913218 0.00170823 0.09668068
v -0.03257206 0.00498446 0.09361336
v -0.04500812 0.03280638 0.07834048
v -0.01791385 -0.04164261 -0.09476683
v -0.01577640 -0.04391229 -0.09478560
v -0.01515844 -0.04345231 -0.09736984
v -0.01455634 -0.04470490 -0.09593070
v -0.01846195 -0.04036908 -0.09620851
v -0.01474440 -0.04366781 -0.09771247
v -0.01088053 -0.04644624 -0.09882479
v -0.01362896 -0.00683295 0.10370200
v -0.01399693 -0.00709832 0.10272535
v -0.02623112 0.00876508 0.11008152
v -0.01135465 0.00650939 0.12115418
v -0.04458395 0.04333307 -0.09941518
v -0.02547333 -0.03193095 -0.09177938
v -0.02746074 -0.04273792 -0.01248160
v -0.01762949 0.00806242 0.11802689
v -0.04410502 0.04177674 -0.10093507
v -0.04337922 0.04022114 -0.10254817
v -0.03939787 -0.01677977 -0.04875955
v -0.03421808 -0.01949483 -0.07776514
v -0.03312195 -0.01353727 -0.08952915
v -0.04060272 -0.01336446 -0.04262097
v -0.03154340 -0.03771759 -0.01759321
v -0.03051410 -0.04058659 -0.02045068
v -0.03041227 -0.04074133 -0.02028315
v -0.03527130 0.02712920 0.10269627
v -0.03927443 0.02901935 0.09486369
v -0.03852616 0.03057932 0.09592023
v -0.03550105 0.02466997 0.10264072
v -0.02264913 0.00588306 0.11257202
v -0.02330566 0.00638613 0.11214898
v -0.03148324 0.00529104 0.09620780
v -0.03514624 0.01371658 0.09660859
v -0.02715748 0.01119060 0.11061387
v -0.03462298 0.00748714 0.09105478
v -0.03363420 0.00623569 0.09234793
v -0.03517965 0.00562436 0.08692036
v -0.03606054 0.01341050 0.09394826
v -0.03509930 0.00524822 0.08656648
v -0.03048841 0.00062075 0.09181501
v -0.04180138 0.02217413 0.08445047
v -0.04160276 0.02061698 0.08303642
v -0.04068780 0.02143131 0.08887815
v -0.04072301 0.02278407 0.09005439
v -0.04044107 0.00941279 0.07021884
v -0.02490106 0.01305840 0.11410651
v -0.02010502 0.00593554 0.11496032
v -0.02053318 0.00307720 0.11210053
v -0.01017654 0.00276358 0.11887326
v -0.00935676 0.00743926 0.12258093
v -0.01065403 0.01002622 0.12303734
v -0.03414972 -0.00121034 0.07516417
v -0.01988976 -0.00003639 0.10917947
v -0.01618114 -0.00639569 0.10260799
v -0.01726743 -0.00284076 0.10851676
v -0.03766642 0.00216004 0.06841912
v -0.03799925 0.00596027 0.07730186
v -0.04324489 0.01506961 0.05693400
v -0.04146386 0.01005739 0.06292746
v -0.04632880 0.03470447 0.06949509
v -0.04690314 0.03690815 0.06337345
v -0.04702673 0.03816216 0.06175364
v 0.03597700 0.00670409 0.08275899
v -0.00703641 -0.00757803 0.10417050
v -0.01104952 -0.00356128 0.11055933
v -0.01316244 -0.00301987 0.11062952
v -0.01270457 -0.00066276 0.11414411
v -0.00427565 -0.00703386 0.10582463
v -0.01245217 -0.00549048 0.10682926
v -0.01316908 -0.00641986 0.10492324
v -0.01456548 -0.00494819 0.10689843
v -0.01474927 -0.00594881 0.10488786
v -0.01514557 -0.00557815 0.10535713
v 0.01514544 -0.00261951 0.10633784
v -0.00305612 -0.00810556 0.10338414
v -0.00470602 -0.00471521 0.11036499
v -0.00317088 -0.00247913 0.11444837
v 0.00018657 -0.00383586 0.11200589
v -0.00693220 -0.00098369 0.11582227
v -0.00625515 0.00003583 0.11762342
v 0.01578788 -0.00152175 0.10804796
v -0.00484035 -0.00489245 0.11000784
v -0.01484201 -0.00253021 0.11060655
v 0.01697753 0.00088917 0.11121764
v 0.01913409 0.00279969 0.11128226
v 0.01747189 0.00232182 0.11253820
v 0.01525770 0.00054162 0.11232197
v 0.01574741 0.00198480 0.11363027
v 0.02053392 0.00938881 0.11563970
v 0.01936590 0.01079172 0.11762087
v 0.01911860 0.00880036 0.11695029
v 0.01794579 0.01231701 0.11953367
v 0.01598374 0.00996658 0.11998080
v 0.01269967 0.01657154 0.12265872
v 0.01080322 0.01407276 0.12327842
v 0.00891319 0.01411011 0.12393499
v 0.00506782 0.01178190 0.12505632
v 0.00116570 0.01213263 0.12604834
v 0.00388038 0.00964291 0.12493311
v 0.00497819 0.00997907 0.12480479
v -0.00173556 0.00680496 0.12398461
v -0.00384160 0.00733080 0.12407290
v -0.00349757 0.00910345 0.12499794
v -0.00434226 0.00931522 0.12503220
v -0.00563723 0.00970533 0.12499778
v -0.00024681 0.00651520 0.12381330
v -0.00211384 0.00510980 0.12296946
v 0.01270191 0.01729743 0.12267035
v 0.01450920 0.01707619 0.12179319
v 0.00236008 0.00601657 0.12350171
v -0.00105590 0.01036918 0.12581263
v -0.00420871 0.00561039 0.12308713
v 0.00665034 0.00733872 0.12355078
v 0.00627815 0.00562977 0.12255164
v 0.00849962 0.00739352 0.12278700
v 0.00396882 0.00406474 0.12208513
v 0.00588378 0.00397100 0.12149416
v 0.00350085 0.00257239 0.12083401
v 0.00154473 0.00275921 0.12131671
v 0.00101407 0.00140866 0.11990066
v -0.00101204 0.00175374 0.12019925
v 0.00047172 0.00008452 0.11845387
v -0.00088191 0.00028233 0.11869685
v 0.00298646 0.00118503 0.11946079
v 0.01067078 0.00927102 0.12289001
v 0.00006019 -0.00086028 0.11735654
v -0.00154434 0.00040688 0.11877888
v 0.01032663 0.00749867 0.12196466
v 0.01077963 0.01066503 0.12318925
v 0.01079518 0.01154033 0.12323728
v 0.00812905 0.00568090 0.12179214
v 0.01451410 0.01925578 0.12182323
v 0.01268271 0.01916051 0.12263408
v 0.00198436 0.00431564 0.12249327
v 0.02223925 0.01021689 0.11390238
v 0.01465686 -0.00065022 0.11072130
v 0.01965669 0.01968370 0.11933325
v -0.00213852 -0.00080001 0.11719573
v -0.00843143 0.00072054 0.11752691
v -0.01005892 0.00271478 0.11889416
v 0.02324012 0.00708909 0.11086663
v 0.02353891 0.00896401 0.11167267
v 0.02410329 0.00753824 0.10994741
v 0.02407433 0.00433818 0.10739246
v 0.02368399 0.00267028 0.10634556
v 0.02317498 0.00127075 0.10498650
v 0.02311840 0.00115624 0.10483574
v 0.02145238 -0.00025836 0.10425301
v 0.01229207 -0.00208986 0.11010889
v 0.01993402 0.01970945 0.11919541
v 0.01996398 0.02219235 0.11929420
v 0.00116938 -0.00235760 0.11462047
v 0.00495495 -0.00244475 0.11332181
v 0.00925330 -0.00114091 0.11339219
v 0.00865472 -0.00233788 0.11179745
v 0.01095767 0.00265658 0.11793600
v 0.01317275 0.00443478 0.11815456
v 0.01141282 0.00417791 0.11915339
v 0.01391260 0.00786289 0.12014092
v 0.00984508 0.00007141 0.11496902
v 0.00545181 0.00239725 0.12033774
v 0.00492188 0.00104505 0.11892362
v 0.02759489 0.00226856 0.09860083
v 0.02834610 0.00382854 0.09965626
v 0.02881796 0.00538767 0.10081715
v 0.02579085 0.00127820 0.10059061
v 0.03163001 0.00478924 0.09374433
v -0.00759645 0.01055997 0.12459441
v 0.02627870 0.00272557 0.10189405
v 0.02597550 0.00256716 0.10221780
v 0.02648105 0.00412639 0.10336597
v -0.00788242 0.00202958 0.11899123
v 0.01993141 0.01963610 0.11918790
v 0.02160724 0.01894744 0.11795892
v 0.00200091 -0.00403201 0.11114763
v 0.01290758 -0.00093118 0.11174816
v -0.00041961 -0.00728041 0.10471140
v 0.02525128 0.00100726 0.10115217
v 0.02325870 0.00130474 0.10491007
v 0.01350957 0.00025805 0.11335186
v 0.01399491 0.00032633 0.11307981
v 0.01565561 0.00806032 0.11909679
v 0.01163296 -0.00314993 0.10835492
v 0.01998782 0.00159844 0.10915058
v 0.01518830 0.00188762 0.11396829
v 0.00675504 0.00113631 0.11811743
v -0.00007351 0.01244335 0.12609857
v 0.01399590 0.00170888 0.11465128
v 0.01340044 0.00004173 0.11306113
v 0.01984573 0.00032597 0.10748562
v 0.01752503 -0.00121337 0.10698919
v 0.01177786 0.00590301 0.12013372
v 0.00774212 0.00400530 0.12075423
v 0.00731670 0.00241675 0.11961503
v 0.01213440 0.00764735 0.12109169
v 0.00270591 0.00778513 0.12443149
v 0.00289798 0.00922989 0.12495151
v 0.00107594 0.00807687 0.12465293
v 0.00494277 0.00951405 0.12470735
v 0.00689172 0.00934345 0.12420579
v 0.00693909 0.01030403 0.12433877
v -0.00639500 0.00631773 0.12296429
v -0.00900975 0.00544337 0.12169428
v 0.02878343 0.00298434 0.09720579
v 0.00982394 -0.00329578 0.10922462
v 0.00799371 -0.00339366 0.11003850
v 0.00383933 -0.00414257 0.11035378
v 0.00050074 -0.00339611 0.11284143
v -0.00144914 -0.00322339 0.11334053
v -0.00075540 -0.00224165 0.11518561
v -0.00009141 -0.00119261 0.11695242
v 0.00307360 -0.00242703 0.11400122
v -0.00278026 -0.00189939 0.11548746
v -0.00231704 -0.00722632 0.10534849
v -0.00501052 -0.00792262 0.10387135
v -0.00123837 0.00116981 0.11959523
v -0.00255462 0.00355598 0.12178985
v -0.00464121 0.00403784 0.12192932
v -0.01376645 -0.00389687 0.10902292
v 0.03853410 -0.03985733 -0.01313286
v 0.04343202 -0.02578223 -0.01661926
v 0.04269581 -0.02859653 -0.01601387
v 0.04316477 -0.02737038 -0.01781808
v 0.04113769 -0.03467500 -0.01758200
v 0.04172083 -0.03110816 -0.01231279
v 0.04102833 -0.03356329 -0.01220090
v 0.04074548 -0.03608767 -0.01896725
v 0.03291609 -0.04746907 -0.01114704
v 0.03347551 -0.04705429 -0.01190711
v 0.04066651 -0.03578453 -0.01593189
v 0.03980006 -0.03843750 -0.01549217
v 0.03971714 -0.03859946 -0.01524602
v 0.04523573 -0.01847875 -0.02358755
v 0.04548254 -0.01648628 -0.02291825
v 0.04271264 -0.02950661 -0.02503685
v 0.04354730 -0.02608527 -0.01966833
v 0.04687125 -0.00730070 -0.03223191
v 0.04679712 -0.00843475 -0.03069759
v 0.04672109 -0.00657656 -0.03654643
v 0.04677258 -0.00581186 -0.03640409
v 0.04590210 -0.01492697 -0.03878096
v 0.04599919 -0.01383765 -0.04026442
v 0.04560788 -0.01539656 -0.04145574
v 0.04476358 -0.02082602 -0.03051847
v 0.04636306 -0.01106533 -0.02704059
v 0.02293467 -0.05373274 -0.00932183
v 0.04472184 -0.02045755 -0.02076664
v 0.04016639 -0.03757968 -0.02017727
v 0.03481894 -0.04498479 -0.01174989
v 0.04349425 -0.02556485 -0.01693131
v 0.04636772 -0.01136869 -0.03004789
v 0.04140426 -0.03266685 -0.01353232
v 0.04587048 -0.01509241 -0.03854935
v 0.04526785 -0.01790631 -0.03799439
v 0.04737237 0.04748450 0.03114018
v 0.04710319 0.04718034 0.02823628
v 0.04676219 0.04793749 0.02627200
v 0.04632876 0.04961874 0.02513722
v 0.04631341 0.04968675 0.02520152
v 0.04827385 0.04714293 0.04148291
v 0.04839505 0.04338017 0.04643659
v 0.04765085 0.04303371 0.05740067
v 0.04773116 0.04459171 0.05870941
v 0.04283256 0.01440347 0.06656002
v 0.04248059 0.01238845 0.06595995
v 0.04146233 0.01071467 0.06856409
v 0.04198126 0.01269035 0.06915403
v 0.04232079 0.01642520 0.07088247
v 0.04262527 0.01706213 0.06992252
v 0.04364514 0.01334290 0.06084824
v 0.04043820 0.01640804 0.07842585
v 0.03861060 0.01551998 0.08369709
v 0.03858667 0.01389382 0.08245789
v 0.03776597 0.00977822 0.08141508
v 0.03869633 0.00936048 0.07821384
v 0.04205107 0.03700780 0.08454156
v 0.04328563 0.03670806 0.08106988
v 0.04277596 0.03826431 0.08260139
v 0.04600362 0.04017586 0.07203868
v 0.04671097 0.04112894 0.06709958
v 0.04640587 0.03987366 0.06888125
v 0.04556172 0.04173229 0.07354458
v 0.04632493 0.04135003 0.07035869
v 0.04631521 0.04152391 0.07033429
v 0.04523589 0.04433357 0.07315977
v 0.04538500 0.04705264 0.06995093
v 0.04443121 0.04791716 0.07105663
v 0.04352517 0.04735051 0.07365868
v 0.04525812 0.04830664 0.06833236
v 0.04588707 0.04644637 0.06923893
v 0.04545092 0.04811794 0.06809686
v 0.04641271 0.04793903 0.06498074
v 0.04547051 0.04194540 0.07376244
v 0.04688922 0.04336233 0.06620692
v 0.04641710 0.04800669 0.06488922
v 0.04151270 0.03835019 0.08590014
v 0.04140508 0.03856363 0.08612452
v 0.03981456 0.03323807 0.09038543
v 0.03934289 0.03258275 0.09143227
v 0.03939055 0.03443207 0.09157299
v 0.03918905 0.03479396 0.09196066
v 0.03822795 0.03634887 0.09366261
v 0.03811087 0.03652933 0.09386224
v 0.03812487 0.03620163 0.09389673
v 0.04010043 0.03997599 0.08783452
v 0.04042418 0.04137285 0.08616747
v 0.04125473 0.04065534 0.08523498
v 0.04199507 0.04308517 0.08155277
v 0.04271365 0.04543762 0.07781231
v 0.04447745 0.04215553 0.07679602
v 0.04421719 0.04413637 0.07612223
v 0.03751766 0.01107853 0.08318892
v 0.03856073 0.01545148 0.08380674
v 0.03235694 0.00847800 0.09538924
v 0.03175373 0.00790510 0.09637573
v 0.03211599 0.00647229 0.09473536
v 0.02928915 0.00439132 0.09855622
v 0.03198807 0.00634806 0.09494820
v 0.03370686 0.02413600 0.10135133
v 0.03422239 0.02466439 0.10045671
v 0.03577967 0.02820864 0.09857480
v 0.03657046 0.02527746 0.09535633
v 0.03569740 0.02811623 0.09872831
v 0.03045471 0.02985632 0.10750477
v 0.02966050 0.03035503 0.10823535
v 0.03693830 0.02954687 0.09636400
v 0.03128848 0.02006236 0.10425834
v 0.02928851 0.01290901 0.10428331
v 0.02861829 0.01783971 0.10820890
v 0.02990418 0.01880389 0.10644750
v 0.02956370 0.02036062 0.10791511
v 0.02900557 0.02168385 0.10926472
v 0.02575983 0.01583025 0.11194657
v 0.02426330 0.01497771 0.11363836
v 0.02293819 0.01628815 0.11580108
v 0.01961302 0.01278350 0.11829098
v 0.02322765 0.02073481 0.11660256
v 0.02188787 0.02250242 0.11816341
v 0.02325032 0.02136473 0.11666756
v 0.02327079 0.02318789 0.11673604
v 0.02363424 0.02094983 0.11616497
v 0.02172337 0.02258274 0.11829499
v 0.02474271 0.00792791 0.10919080
v 0.02902360 0.02202438 0.10931515
v 0.02915256 0.02542889 0.10968337
v 0.02852722 0.02628519 0.11065715
v 0.02650692 0.02502483 0.11308644
v 0.02620960 0.02246500 0.11318976
v 0.02479992 0.02396669 0.11513003
v 0.02618917 0.02174200 0.11313000
v 0.02747016 0.01964944 0.11084429
v 0.02741068 0.01888441 0.11068075
v 0.02611848 0.02012043 0.11293008
v 0.03994794 0.01076690 0.07587771
v 0.03856636 0.01518705 0.08357729
v 0.02321380 0.02445726 0.11659504
v 0.03722892 0.03227941 0.09603370
v 0.03699826 0.03277582 0.09654810
v 0.03622332 0.03383419 0.09775246
v 0.03402690 0.03550534 0.10002388
v 0.03411943 0.03509975 0.10026579
v 0.04148694 0.03875845 0.08583511
v 0.02924364 0.01287431 0.10434618
v 0.03972609 0.01047831 0.07634400
v 0.03856544 0.00922050 0.07844872
v 0.04617887 0.03912970 0.06995445
v 0.03906982 0.03042373 0.09099404
v 0.03170412 0.00485308 0.09363183
v 0.04502088 0.04047632 0.07541526
v 0.04070668 0.03730719 0.08805469
v 0.04221375 0.04688254 0.07649965
v 0.02465497 0.01919322 0.11470873
v 0.03438353 0.03355100 0.10095312
v 0.02969564 0.00602267 0.09964559
v 0.04722937 0.04904184 0.03253324
v 0.04683318 0.04443754 0.06606692
v 0.04058057 0.03449470 0.08842974
v 0.03017180 0.01004711 0.10093824
v 0.02423048 0.00442311 0.10722127
v 0.02479427 0.02342956 0.11511086
v 0.03497362 0.02976399 0.10021820
v 0.02895453 0.02983246 0.10919338
v 0.04049205 0.01518425 0.07735340
v 0.04482225 0.04328786 0.07516285
v 0.03321500 0.03412866 0.10189385
v 0.04198577 0.01364552 0.06997340
v 0.02474237 0.02154621 0.11495862
v 0.03570751 0.02838893 0.09875721
v 0.03445596 0.03058617 0.10112172
v 0.02468033 0.01980201 0.11478066
v 0.04533127 0.05093822 0.02390587
v 0.04046167 0.03481566 0.08875083
v 0.03943110 0.00891970 0.07511633
v 0.04510202 0.04454306 0.07339074
v 0.04442517 0.04203231 0.07697925
v 0.04449531 0.04190288 0.07684133
v 0.04614163 0.04412911 0.06989498
v 0.04678938 0.04394130 0.06674256
v 0.04667803 0.04583381 0.06566696
v 0.03038485 0.02318286 0.10726745
v 0.03051308 0.02684147 0.10763574
v 0.03051756 0.02798400 0.10765655
v 0.02916251 0.02681150 0.10972056
v 0.03573047 0.03059206 0.09883529
v 0.03698917 0.03198246 0.09651780
v 0.03001965 0.01890746 0.10626675
v 0.02720710 0.01679419 0.11012519
v 0.02772948 0.01910083 0.11027412
v 0.02361023 0.00955236 0.11186620
v 0.02447765 0.01704359 0.11422225
v 0.02301861 0.01731847 0.11602216
v 0.04701374 0.04238421 0.06531878
v 0.04663802 0.04268648 0.06846619
v 0.02471506 -0.05352216 -0.01026682
v 0.02215486 -0.05465675 -0.01139440
v 0.02706276 -0.05204387 -0.00969938
v 0.02643912 -0.05318416 -0.01136004
v 0.02872064 -0.05155623 -0.01096669
v 0.02854441 -0.05187972 -0.01143598
v 0.02681101 -0.05300162 -0.01174150
v 0.01921113 -0.05378587 -0.00785998
v 0.02795948 -0.05238552 -0.01298913
v 0.03158970 -0.04957073 -0.01467648
v 0.03221285 -0.04890826 -0.01302086
v 0.03222323 -0.04891912 -0.01577889
v 0.03287740 -0.04824595 -0.01691764
v 0.03352962 -0.04765124 -0.01518558
v 0.03018352 -0.05062761 -0.01274698
v 0.02435530 -0.05368263 -0.01688296
v 0.02221395 -0.05464919 -0.01689988
v 0.02990957 -0.05065317 -0.01913480
v 0.02970287 -0.05078770 -0.01917188
v 0.03316468 -0.04720936 -0.02181071
v 0.03275571 -0.04738316 -0.02289522
v 0.03801292 -0.04076900 -0.02195270
v 0.03699048 -0.04059999 -0.02861238
v 0.03719004 -0.04012381 -0.02931956
v 0.03656240 -0.04090035 -0.02974851
v 0.03765151 -0.03886807 -0.03116028
v 0.03587599 -0.04168545 -0.03016248
v 0.03632730 -0.04042974 -0.03199936
v 0.03837743 -0.03787166 -0.03057968
v 0.04273665 -0.02855554 -0.02971794
v 0.03873460 -0.03730712 -0.03023016
v 0.03834356 -0.03635728 -0.03475454
v 0.04428561 -0.01349848 -0.05030053
v 0.04449897 -0.01516883 -0.04816112
v 0.04177675 -0.03137050 -0.02902808
v 0.03933037 -0.03479661 -0.03378807
v 0.00724311 -0.05087141 -0.10951775
v 0.00815779 -0.05022848 -0.11071367
v 0.00863787 -0.04961291 -0.11171085
v 0.00922073 -0.04829627 -0.11354536
v 0.00917012 -0.04835696 -0.11357829
v 0.01041184 -0.04853844 -0.11039258
v 0.01048285 -0.04804971 -0.11106840
v 0.00441722 -0.05187868 -0.10930946
v 0.00266466 -0.05146286 -0.10828584
v 0.00094785 -0.05091991 -0.10716653
v 0.00187394 -0.05105200 -0.11037685
v 0.00231788 -0.05118936 -0.11066367
v 0.00391394 -0.05165557 -0.11064065
v 0.00363379 -0.05144190 -0.11138096
v 0.00476947 -0.05118211 -0.11158932
v 0.00490454 -0.05034850 -0.11366884
v 0.00291322 -0.05078162 -0.11328423
v 0.00225996 -0.04988200 -0.11500734
v 0.00117170 -0.05032654 -0.11223107
v 0.02968593 -0.01186130 -0.08451498
v 0.04099339 -0.03521302 -0.02363047
v 0.04153936 -0.03389709 -0.02217414
v 0.04204599 -0.03249220 -0.02082130
v 0.04123197 -0.03483186 -0.02081742
v 0.04059985 -0.03639148 -0.02191780
v 0.04013387 -0.03764723 -0.02007538
v 0.03856309 -0.04074140 -0.01878635
v 0.03781450 -0.04141721 -0.01420022
v 0.03670888 -0.04247131 -0.01238671
v 0.03618092 -0.04382797 -0.01379565
v 0.03571109 -0.04423555 -0.01307862
v 0.03556736 -0.04499105 -0.01542979
v 0.03429864 -0.04635877 -0.01313869
v 0.03474194 -0.04609955 -0.01705730
v 0.03484762 -0.04591402 -0.01734326
v 0.02852134 -0.05109457 -0.02173131
v 0.04450504 -0.02167169 -0.03270694
v 0.03739436 -0.04202520 -0.02005267
v 0.03830369 -0.04095111 -0.01947501
v 0.03926937 -0.03490282 -0.03385618
v 0.03234960 -0.04873859 -0.01265735
v 0.03092256 -0.04974828 -0.01078275
v 0.03955555 -0.03874891 -0.02180426
v 0.03697411 -0.04297744 -0.01522198
v 0.03609091 -0.04111627 -0.03099896
v 0.03367295 -0.04749442 -0.01480474
v 0.04491617 -0.01821073 -0.04086715
v 0.04549601 -0.01665127 -0.03974702
v 0.02629243 -0.05323962 -0.01174897
v 0.00171009 -0.05090852 -0.11080968
v 0.03059362 -0.04987494 -0.01049158
v 0.00564389 -0.05094202 -0.11171532
v 0.04033642 -0.03714838 -0.01972356
v 0.03378366 -0.04735675 -0.01502900
v 0.02771701 -0.05180184 -0.01928879
v 0.04384443 -0.01756628 -0.04814005
v 0.04456711 -0.01600639 -0.04707385
v 0.04448814 -0.01726100 -0.04537756
v 0.04369307 -0.02007547 -0.04474995
v 0.04437184 -0.01851572 -0.04366717
v 0.04432457 -0.01901131 -0.04299108
v 0.04422941 -0.01977051 -0.04194691
v 0.00538793 -0.05075205 -0.11239175
v 0.00632347 -0.04992314 -0.11384255
v 0.03849116 -0.03510247 -0.03647674
v -0.02486778 0.02687816 -0.11830965
v -0.02527184 0.03188624 -0.11934057
v -0.02353493 0.03141476 -0.12040608
v -0.02179487 0.03095448 -0.12146316
v -0.02000523 0.03317188 -0.12236796
v -0.03020134 0.03080873 -0.11541874
v -0.01441353 0.03323711 -0.12454389
v -0.01248159 0.03310497 -0.12509020
v -0.01046180 0.03022354 -0.12542538
v -0.00849261 0.03000717 -0.12587368
v -0.01050014 0.03123066 -0.12551902
v -0.00643210 0.03213491 -0.12606177
v -0.01813344 0.03067859 -0.12309207
v -0.02358731 0.03279886 -0.12053398
v -0.02154133 0.04006072 -0.12072031
v -0.01797717 0.02801184 -0.12269908
v -0.03976304 0.03962508 -0.10992461
v -0.04046494 0.03880072 -0.10856715
v -0.04114591 0.04117874 -0.10806342
v -0.03910606 0.03996454 -0.11062106
v -0.03409849 0.03880012 -0.11435370
v -0.04193547 0.04044000 -0.10678697
v -0.03063278 0.03598894 -0.11652082
v -0.01429917 0.03042784 -0.12426300
v -0.00856361 0.03146895 -0.12605028
v -0.01786886 0.04022932 -0.12231649
v -0.01612203 0.03796519 -0.12336979
v -0.01054322 0.03295830 -0.12561959
v -0.02699876 0.03239320 -0.11824835
v -0.03021975 0.03101276 -0.11546589
v -0.01813221 0.03062236 -0.12308925
v -0.02001031 0.03065241 -0.12240115
v -0.02536559 0.03513412 -0.11956343
v -0.02538068 0.03472158 -0.11960664
v -0.03064615 0.03691591 -0.11654898
v -0.02037359 -0.03105430 -0.10119855
v -0.02065962 -0.02884893 -0.10193882
v -0.02198963 -0.03015303 -0.09980953
v -0.02075714 -0.02798660 -0.10219034
v -0.02390010 -0.02707630 -0.09918329
v -0.02560894 -0.02462382 -0.09802792
v -0.02324569 -0.03119421 -0.09748233
v -0.02148176 -0.03313541 -0.09848781
v -0.01894376 -0.03885987 -0.09747278
v -0.01798627 -0.04064855 -0.09662956
v -0.02052773 -0.03784458 -0.09599794
v -0.02027657 -0.03162401 -0.10094605
v -0.01211319 -0.04500105 -0.09985870
v -0.02413207 -0.02690949 -0.09895173
v 0.00051409 -0.04944239 -0.11396583
v -0.00818747 -0.04205805 -0.10864396
v 0.00015942 -0.04748109 -0.11488980
v -0.02544094 -0.02590768 -0.09759304
v -0.01634902 -0.04272596 -0.09629290
v 0.00183164 -0.04818259 -0.11612846
v 0.00423331 -0.04951279 -0.11544006
v 0.00382476 -0.04774307 -0.11650825
v 0.00625940 -0.04895605 -0.11573162
v 0.00472715 -0.04741911 -0.11657278
v 0.00375244 -0.04705345 -0.11669439
v -0.02002919 -0.03929433 -0.09468891
v -0.02502559 -0.02816650 -0.09694788
f 838 123 811
f 838 175 179
f 840 890 972
f 811 123 972
f 972 123 840
f 104 88 103
f 114 731 115
f 123 838 39
f 38 37 179
f 123 1034 853
f 1058 448 1081
f 390 448 1058
f 887 892 890
f 438 400 971
f 179 175 793
f 120 121 61
f 104 103 292
f 292 93 308
f 103 93 292
f 130 1080 123
f 61 121 70
f 121 79 70
f 60 39 64
f 115 108 238
f 238 114 115
f 238 109 110
f 34 838 179
f 34 39 838
f 126 124 113
f 840 123 842
f 842 853 840
f 123 853 842
f 382 436 434
f 446 1313 387
f 387 383 446
f 674 619 675
f 675 1172 674
f 675 619 613
f 609 605 613
f 838 170 168
f 814 170 838
f 972 170 814
f 814 838 811
f 811 972 814
f 851 849 1058
f 850 849 892
f 969 851 1090
f 1090 851 1058
f 1091 1090 1058
f 969 912 909
f 909 911 969
f 912 914 909
f 1433 1346 1337
f 821 1328 777
f 827 763 804
f 1325 283 226
f 1486 1483 1484
f 731 718 730
f 485 524 529
f 593 524 485
f 822 799 773
f 766 760 817
f 817 804 766
f 766 804 763
f 241 799 236
f 829 823 822
f 822 773 829
f 224 1458 1326
f 1326 226 224
f 1325 226 1326
f 1326 772 1325
f 236 799 235
f 235 228 236
f 832 799 822
f 832 228 799
f 795 228 832
f 822 823 832
f 832 1458 795
f 1033 153 159
f 118 120 61
f 121 120 118
f 98 79 121
f 307 294 291
f 307 292 308
f 291 292 307
f 308 305 307
f 307 305 294
f 322 103 91
f 322 93 103
f 87 103 88
f 86 79 99
f 99 84 86
f 75 79 76
f 54 60 56
f 1080 130 59
f 59 53 1080
f 59 60 54
f 130 60 59
f 58 60 64
f 55 60 58
f 58 50 55
f 61 52 43
f 125 130 123
f 125 60 130
f 123 39 125
f 39 60 125
f 48 71 73
f 75 71 69
f 69 71 48
f 1080 1603 1084
f 65 79 75
f 65 70 79
f 65 52 61
f 61 70 65
f 44 50 48
f 54 56 44
f 55 50 44
f 107 118 61
f 121 118 107
f 155 146 149
f 154 146 155
f 155 153 169
f 169 154 155
f 871 1603 1634
f 1618 1617 1621
f 1618 1621 1598
f 1598 1620 1618
f 1628 1617 1632
f 467 971 400
f 39 34 36
f 37 124 36
f 179 37 36
f 36 34 179
f 179 793 733
f 733 38 179
f 731 114 42
f 37 38 40
f 40 124 37
f 40 113 124
f 420 436 426
f 436 452 426
f 1076 444 432
f 441 385 387
f 1481 446 1484
f 1313 446 1481
f 1481 1141 1216
f 1273 1274 1313
f 412 18 413
f 420 18 419
f 550 540 541
f 605 631 712
f 675 613 712
f 712 613 605
f 619 674 9
f 8 1254 9
f 9 1254 619
f 9 674 1172
f 689 486 639
f 555 717 489
f 603 631 605
f 605 611 603
f 611 602 603
f 973 981 972
f 972 981 1035
f 1035 981 174
f 1035 888 972
f 174 981 975
f 975 977 174
f 972 888 178
f 175 838 167
f 838 168 167
f 852 851 969
f 849 851 852
f 892 887 1125
f 1125 850 892
f 1089 887 890
f 1089 890 840
f 1089 1125 887
f 850 1125 1089
f 849 850 1089
f 1058 849 391
f 846 429 1055
f 1092 467 400
f 135 396 397
f 397 466 135
f 396 466 397
f 480 919 922
f 1061 922 951
f 951 922 919
f 903 905 899
f 903 899 438
f 438 1082 903
f 903 1082 902
f 899 905 900
f 5 907 900
f 905 1038 900
f 900 1038 5
f 1107 1038 905
f 905 903 1107
f 1124 909 914
f 1078 925 952
f 1101 925 1078
f 1331 1334 1337
f 1337 1346 1331
f 1331 1346 1336
f 1460 1333 1421
f 1333 1334 1421
f 1344 1444 1365
f 777 763 824
f 824 821 777
f 824 763 827
f 827 821 824
f 1329 1328 1330
f 1328 821 1330
f 1325 1322 1324
f 1325 772 1442
f 1442 1322 1325
f 1387 1390 1386
f 1390 1387 1389
f 1389 1387 1386
f 1332 1334 1333
f 1337 1334 1332
f 227 1458 224
f 795 1458 227
f 227 228 795
f 1246 1245 1212
f 1293 1333 1460
f 1460 1299 1293
f 1293 1332 1333
f 1337 1332 1293
f 1460 1130 1287
f 1287 1299 1460
f 1130 1435 1287
f 1287 1435 1234
f 1487 1486 1484
f 1245 1246 1213
f 1213 1246 1212
f 1154 1203 1258
f 1484 1483 1258
f 1258 1481 1484
f 636 524 593
f 724 793 175
f 724 819 793
f 761 787 828
f 764 763 777
f 764 766 763
f 812 799 801
f 799 241 801
f 242 796 800
f 800 241 242
f 110 109 240
f 109 242 240
f 240 242 241
f 240 241 236
f 109 238 740
f 740 242 109
f 739 242 740
f 740 238 108
f 740 108 115
f 740 731 742
f 115 731 740
f 745 739 741
f 741 740 742
f 739 740 741
f 792 658 790
f 790 828 792
f 792 828 787
f 827 804 1362
f 1362 804 817
f 817 760 1362
f 1212 1238 1211
f 1234 1435 1385
f 1385 1435 1383
f 1232 1211 1238
f 230 212 236
f 774 832 823
f 772 1326 769
f 799 228 276
f 276 235 799
f 228 235 276
f 147 155 149
f 153 155 147
f 169 153 968
f 153 967 968
f 1095 1094 7
f 1033 1094 1095
f 966 967 153
f 153 1033 966
f 1033 1095 966
f 480 967 966
f 255 98 121
f 79 98 100
f 99 79 100
f 100 101 99
f 104 101 100
f 98 255 100
f 100 88 104
f 100 255 88
f 294 305 300
f 291 290 293
f 291 298 288
f 288 290 291
f 298 290 288
f 299 297 301
f 94 322 91
f 94 95 96
f 89 94 91
f 95 94 89
f 91 103 89
f 95 89 90
f 103 87 90
f 90 89 103
f 440 417 418
f 382 380 386
f 202 227 224
f 224 215 202
f 1587 1611 1582
f 1588 1586 289
f 289 1586 290
f 1588 1605 1612
f 1631 28 1632
f 1631 1625 28
f 1611 1587 85
f 75 76 77
f 77 73 71
f 79 86 80
f 80 76 79
f 80 86 84
f 84 76 80
f 102 84 99
f 102 293 84
f 57 60 55
f 57 56 60
f 55 44 57
f 57 44 56
f 45 53 54
f 54 44 45
f 54 53 68
f 68 59 54
f 53 59 68
f 20 43 52
f 1598 1603 82
f 1080 53 46
f 48 50 47
f 47 69 48
f 75 69 47
f 47 65 75
f 50 65 47
f 1065 1034 123
f 1065 884 1034
f 52 65 51
f 51 65 50
f 121 107 232
f 232 107 122
f 122 207 232
f 149 146 151
f 4 813 3
f 813 678 3
f 1630 1634 1622
f 1598 1621 1630
f 1621 871 1630
f 871 1634 1630
f 1622 1634 1599
f 1599 1634 1603
f 1598 1630 1599
f 1599 1630 1622
f 1599 1603 1598
f 1643 871 1621
f 1621 1623 1643
f 1621 1617 1619
f 1619 1623 1621
f 971 467 468
f 135 466 468
f 64 39 66
f 66 36 124
f 126 113 41
f 41 40 38
f 113 40 41
f 731 42 820
f 820 42 733
f 820 718 731
f 793 718 820
f 820 733 793
f 106 117 239
f 239 117 114
f 114 238 239
f 239 238 110
f 110 278 239
f 239 278 106
f 1081 866 1051
f 882 880 1048
f 863 865 866
f 445 448 390
f 1081 448 445
f 445 866 1081
f 432 444 437
f 437 452 436
f 437 444 452
f 1002 1147 1206
f 1482 446 383
f 1482 1497 446
f 1250 1481 1216
f 1313 1481 1250
f 388 441 387
f 423 417 416
f 414 413 18
f 412 413 411
f 411 413 426
f 18 416 449
f 449 440 443
f 417 440 449
f 449 416 417
f 902 1082 901
f 396 451 406
f 395 451 396
f 394 451 395
f 428 451 394
f 415 18 412
f 396 406 402
f 18 415 402
f 398 466 396
f 396 405 398
f 398 468 466
f 989 1116 1207
f 1207 1270 989
f 1002 1206 1207
f 1207 1003 1002
f 1116 1003 1207
f 670 550 541
f 540 550 543
f 550 670 543
f 541 540 539
f 1197 1164 1196
f 1163 1164 1197
f 711 666 585
f 619 614 708
f 623 569 578
f 541 539 542
f 542 539 537
f 545 544 680
f 544 545 546
f 529 516 808
f 529 524 696
f 696 516 529
f 715 631 610
f 715 632 631
f 634 712 633
f 633 632 634
f 633 712 631
f 631 632 633
f 615 1163 616
f 615 1164 1163
f 619 1254 615
f 615 614 619
f 1172 1171 10
f 10 9 1172
f 8 9 10
f 1171 1170 10
f 562 569 560
f 688 477 1061
f 479 477 688
f 588 688 1061
f 479 688 588
f 490 555 489
f 489 487 706
f 578 569 706
f 706 487 578
f 569 562 706
f 491 489 706
f 489 717 488
f 488 487 489
f 488 717 486
f 578 487 488
f 627 630 599
f 610 602 599
f 599 602 611
f 631 603 608
f 608 603 602
f 610 631 608
f 608 602 610
f 1061 477 484
f 484 922 1061
f 480 922 484
f 475 484 477
f 474 689 639
f 639 471 474
f 639 593 635
f 635 471 639
f 593 485 635
f 635 813 4
f 635 485 813
f 893 972 890
f 893 973 972
f 890 981 893
f 981 973 893
f 1111 962 965
f 965 177 1111
f 177 172 164
f 890 892 891
f 891 981 890
f 174 977 980
f 160 157 156
f 160 168 170
f 160 170 149
f 149 157 160
f 969 911 1126
f 1126 852 969
f 849 852 1126
f 1126 891 892
f 892 849 1126
f 849 1089 841
f 841 391 849
f 844 391 841
f 389 1055 390
f 389 846 1055
f 390 1058 389
f 1058 846 389
f 848 846 1058
f 392 391 844
f 844 846 392
f 846 848 392
f 1058 391 392
f 392 848 1058
f 1059 1092 1091
f 1091 877 1059
f 1059 25 1092
f 1235 1172 675
f 675 988 1235
f 987 988 675
f 898 907 5
f 5 897 898
f 970 400 438
f 438 907 970
f 970 1092 400
f 1090 1091 970
f 1091 1092 970
f 907 898 970
f 970 898 897
f 1067 1104 1106
f 1106 1038 1067
f 1104 1038 1106
f 899 900 1119
f 1119 900 907
f 438 899 1119
f 1119 907 438
f 1027 1066 1067
f 1027 1107 1066
f 1067 1038 1027
f 1038 1107 1027
f 1029 1107 903
f 1078 952 992
f 991 1038 1104
f 5 1038 991
f 965 962 963
f 962 923 963
f 7 1094 963
f 961 923 962
f 923 961 926
f 920 951 919
f 945 951 950
f 945 949 951
f 946 1101 1078
f 1103 1104 1067
f 1067 952 955
f 955 952 925
f 1100 955 925
f 1054 955 1100
f 1100 926 961
f 1100 961 962
f 1512 1523 1581
f 1383 1435 1432
f 1432 1130 1460
f 1432 1435 1130
f 1376 646 525
f 525 1375 1376
f 24 1344 1365
f 1365 1338 24
f 24 1338 23
f 24 23 1346
f 1346 1344 24
f 1337 1329 1479
f 1394 1382 1386
f 1381 1389 1386
f 1383 1389 1381
f 1386 1382 1381
f 1381 1385 1383
f 1382 1385 1381
f 1374 1370 1364
f 1440 1370 532
f 1425 1440 1456
f 1456 1448 1425
f 1210 1232 1410
f 1410 1232 16
f 514 696 640
f 199 181 244
f 283 181 199
f 225 226 283
f 283 215 225
f 224 226 225
f 225 215 224
f 1323 1324 1322
f 194 283 1325
f 1325 1324 194
f 1324 1323 194
f 194 1323 1322
f 1301 1328 1329
f 1301 1329 1337
f 1506 1509 1559
f 1512 1509 1506
f 1486 1487 1489
f 1154 1258 1257
f 1257 1258 1483
f 1237 1238 1212
f 1212 1245 1237
f 1245 1233 1237
f 1148 1203 1216
f 1148 1258 1203
f 1216 1141 1148
f 1141 1481 1148
f 1481 1258 1148
f 640 521 499
f 497 695 499
f 638 593 639
f 791 783 779
f 530 729 813
f 529 808 530
f 530 485 529
f 813 485 530
f 745 741 810
f 810 741 742
f 761 810 836
f 176 158 819
f 819 724 176
f 175 158 176
f 176 724 175
f 734 725 726
f 734 721 725
f 725 721 722
f 816 718 793
f 793 719 816
f 816 719 718
f 720 722 721
f 720 719 793
f 718 719 720
f 813 729 727
f 727 682 813
f 726 725 727
f 725 722 728
f 728 727 725
f 682 727 728
f 770 825 776
f 775 825 773
f 775 799 812
f 775 773 799
f 831 829 773
f 773 825 831
f 831 825 770
f 823 829 831
f 831 774 823
f 761 828 759
f 766 769 768
f 768 831 770
f 768 769 1326
f 774 831 768
f 768 1326 1458
f 832 774 768
f 1458 832 768
f 798 801 241
f 812 801 798
f 798 837 812
f 796 837 798
f 744 739 796
f 796 242 744
f 744 242 739
f 236 212 277
f 747 775 812
f 747 750 770
f 770 776 747
f 747 776 825
f 825 775 747
f 743 739 745
f 745 837 743
f 796 739 743
f 743 837 796
f 658 792 782
f 782 792 787
f 782 787 761
f 1356 1353 1358
f 1210 1211 1446
f 1446 1232 1210
f 1211 1232 1446
f 1441 1385 1382
f 16 1232 1441
f 1093 966 1095
f 480 966 1093
f 1093 919 480
f 304 298 291
f 304 299 298
f 294 300 295
f 300 297 295
f 291 294 295
f 295 297 291
f 290 1586 1608
f 1608 293 290
f 1586 360 1608
f 1640 1641 301
f 376 273 1640
f 1640 273 266
f 1633 1631 1632
f 1598 85 1633
f 1633 1620 1598
f 1632 1617 1633
f 1617 1618 1633
f 1633 1618 1620
f 1606 299 301
f 301 1641 1606
f 1606 1641 1591
f 348 273 376
f 266 273 286
f 339 287 370
f 1073 1625 1626
f 424 1525 1524
f 424 440 418
f 1524 440 424
f 423 1525 424
f 418 417 424
f 424 417 423
f 385 386 379
f 379 1524 384
f 387 385 379
f 379 383 387
f 393 379 386
f 393 386 380
f 385 441 450
f 450 386 385
f 382 386 450
f 384 1524 460
f 1524 1497 460
f 1484 446 1565
f 446 1497 1565
f 1565 1487 1484
f 1565 1489 1487
f 1497 1489 1565
f 1496 1489 1497
f 95 90 92
f 92 87 88
f 92 90 87
f 253 92 223
f 223 92 88
f 223 255 121
f 88 255 223
f 228 227 281
f 227 202 281
f 200 215 283
f 283 199 200
f 1591 1641 1636
f 1597 1612 1636
f 1636 1612 1605
f 1631 1633 1636
f 1582 1585 1636
f 1636 1587 1582
f 1636 85 1587
f 1636 1633 85
f 84 1586 1614
f 1586 1615 1614
f 1595 1615 1585
f 1588 1612 1594
f 1535 1631 1533
f 1533 1566 1535
f 1629 143 1074
f 1074 1631 1629
f 1629 1631 143
f 145 1631 1535
f 1604 1595 1585
f 1615 1595 1604
f 1611 85 1604
f 72 71 75
f 75 77 72
f 72 77 71
f 85 77 1602
f 1602 1604 85
f 84 83 1602
f 1601 85 1598
f 1601 77 85
f 1598 82 1601
f 73 77 1601
f 1601 82 73
f 99 101 361
f 361 102 99
f 361 101 104
f 104 292 361
f 361 292 291
f 291 293 361
f 293 102 361
f 48 73 49
f 49 44 48
f 49 45 44
f 53 45 49
f 49 46 53
f 1600 82 1603
f 73 82 1600
f 1600 1603 1080
f 1080 46 1600
f 1600 49 73
f 46 49 1600
f 1085 1084 1603
f 1085 1065 1084
f 1080 1084 1064
f 1084 1065 1064
f 123 1080 1064
f 19 51 50
f 19 20 52
f 52 51 19
f 50 58 19
f 122 278 209
f 209 278 212
f 122 107 105
f 105 278 122
f 105 107 61
f 110 240 237
f 237 278 110
f 212 278 237
f 237 277 212
f 237 240 236
f 236 277 237
f 129 117 106
f 106 278 129
f 148 146 154
f 161 167 168
f 168 160 161
f 161 160 156
f 592 475 481
f 1617 1628 1624
f 1624 1619 1617
f 1632 28 1624
f 1624 1628 1632
f 1623 1619 1624
f 467 1092 132
f 1092 25 132
f 133 467 132
f 39 36 35
f 35 66 39
f 36 66 35
f 43 20 67
f 63 19 58
f 63 58 64
f 64 66 63
f 63 66 124
f 63 124 126
f 111 42 114
f 114 41 111
f 111 41 38
f 38 733 111
f 733 42 111
f 114 117 112
f 112 41 114
f 117 41 112
f 126 41 116
f 116 41 117
f 879 1051 22
f 22 865 879
f 22 1051 866
f 866 865 22
f 878 1091 1058
f 878 877 1091
f 878 1058 1081
f 880 882 886
f 886 1603 871
f 871 880 886
f 881 882 1048
f 861 880 871
f 861 863 880
f 1623 867 861
f 871 1643 861
f 861 1643 1623
f 1048 880 860
f 880 863 860
f 1086 13 429
f 1086 841 13
f 420 419 421
f 421 436 420
f 443 462 421
f 421 449 443
f 421 419 18
f 18 449 421
f 453 411 426
f 431 411 453
f 452 444 457
f 444 1076 457
f 1041 407 408
f 408 1042 1041
f 1282 1135 1131
f 1134 1147 1002
f 1002 1133 1134
f 1134 1133 1147
f 1136 1137 1149
f 1149 1143 1136
f 1149 1137 1131
f 1131 1135 1149
f 1135 1143 1149
f 1216 1203 1243
f 1222 1243 1256
f 1216 1243 1222
f 1229 1191 1193
f 1272 1273 1313
f 1313 1250 1272
f 1272 1222 1273
f 1272 1250 1216
f 1216 1222 1272
f 459 388 387
f 1135 1282 1281
f 425 18 420
f 425 414 18
f 413 414 425
f 420 426 425
f 426 413 425
f 1121 411 431
f 1121 1016 1042
f 1020 1009 1021
f 1008 1029 1009
f 1009 1020 1008
f 1066 1107 1008
f 1107 1029 1008
f 412 411 410
f 410 415 412
f 404 405 396
f 396 402 404
f 404 402 405
f 1045 1062 1047
f 1047 1114 1045
f 1002 1003 1001
f 1169 1171 1172
f 1169 1170 1171
f 1239 1206 1147
f 1239 1207 1206
f 1179 1269 1270
f 1172 1269 1179
f 1179 1169 1172
f 1456 1440 1469
f 1391 1469 1440
f 1470 1469 1391
f 503 506 505
f 549 690 680
f 537 539 536
f 1163 1175 1200
f 616 1163 1200
f 1409 1218 572
f 1162 1175 1163
f 1163 1197 1162
f 585 666 577
f 577 666 598
f 693 670 541
f 709 620 609
f 709 711 585
f 618 711 709
f 585 564 709
f 709 564 620
f 666 711 617
f 617 711 618
f 617 615 616
f 614 615 617
f 616 1200 617
f 618 708 617
f 617 708 614
f 612 613 619
f 619 708 612
f 669 612 708
f 669 708 618
f 609 613 669
f 613 612 669
f 609 620 606
f 620 607 606
f 606 605 609
f 578 607 622
f 622 623 578
f 622 607 620
f 560 569 561
f 569 623 561
f 561 570 560
f 680 544 538
f 544 542 538
f 538 549 680
f 538 542 537
f 537 549 538
f 707 570 576
f 560 570 707
f 517 516 519
f 519 808 517
f 517 808 516
f 661 791 663
f 663 791 834
f 522 521 640
f 640 696 522
f 522 696 524
f 524 636 522
f 643 649 659
f 519 660 643
f 659 687 643
f 643 687 519
f 634 632 591
f 632 942 591
f 591 712 634
f 675 712 591
f 936 942 632
f 1165 615 1254
f 1164 615 1165
f 1165 1254 8
f 1228 1229 1261
f 1191 1229 1228
f 680 690 547
f 690 704 547
f 559 704 690
f 486 689 483
f 483 588 486
f 479 588 483
f 578 488 641
f 641 488 486
f 486 588 672
f 672 641 486
f 683 949 584
f 584 621 683
f 683 599 630
f 610 599 683
f 683 621 610
f 951 949 582
f 582 683 630
f 1061 951 582
f 949 683 582
f 480 484 476
f 169 968 476
f 476 967 480
f 476 968 967
f 665 154 169
f 169 475 665
f 475 592 665
f 678 677 665
f 665 592 678
f 689 474 478
f 478 474 471
f 481 475 478
f 478 473 481
f 478 477 479
f 478 475 477
f 472 473 478
f 159 153 979
f 979 164 159
f 153 147 979
f 979 147 149
f 911 909 910
f 910 1126 911
f 910 976 891
f 891 1126 910
f 981 891 974
f 891 976 974
f 974 975 981
f 974 976 975
f 177 164 978
f 977 975 978
f 975 976 978
f 149 163 1037
f 843 1089 840
f 840 841 843
f 843 841 1089
f 632 715 626
f 626 621 632
f 626 715 610
f 610 621 626
f 584 949 583
f 1114 939 940
f 944 1114 1047
f 944 939 1114
f 989 1117 1079
f 1047 1062 1079
f 1079 1062 989
f 1118 1235 988
f 1118 1117 1235
f 1118 1079 1117
f 989 1270 990
f 990 1117 989
f 990 1269 1172
f 1270 1269 990
f 1172 1235 990
f 1235 1117 990
f 896 970 897
f 896 897 5
f 12 912 969
f 969 1090 12
f 1090 970 12
f 1009 1029 904
f 902 901 904
f 1021 1009 904
f 904 903 902
f 904 1029 903
f 1050 994 1026
f 994 1050 995
f 1097 994 995
f 995 1005 1097
f 1099 952 1067
f 1099 992 952
f 1067 954 1099
f 954 992 1099
f 953 992 954
f 916 963 923
f 917 963 916
f 923 920 916
f 916 920 917
f 7 963 1096
f 1096 963 917
f 1032 1094 1033
f 1032 1033 159
f 159 164 1032
f 1032 164 172
f 1032 177 965
f 1032 172 177
f 929 923 927
f 927 926 929
f 923 926 927
f 925 1101 928
f 928 926 925
f 928 1101 929
f 929 926 928
f 918 920 919
f 919 1093 918
f 7 1096 918
f 917 920 918
f 918 1096 917
f 921 920 923
f 950 951 921
f 951 920 921
f 929 1101 948
f 948 923 929
f 948 921 923
f 948 945 950
f 950 921 948
f 1113 591 942
f 1056 946 1078
f 1078 992 1056
f 1056 992 1026
f 1104 1103 1102
f 1102 1103 1054
f 1054 1103 1030
f 1030 955 1054
f 1030 1103 1067
f 1067 955 1030
f 925 926 924
f 924 1100 925
f 926 1100 924
f 1575 1581 1523
f 1523 1572 1575
f 1512 1581 1575
f 254 1572 1523
f 254 247 1536
f 254 339 247
f 287 339 254
f 1572 254 1513
f 1513 254 1536
f 1460 1421 1431
f 1336 1346 1335
f 1346 23 1335
f 1335 1331 1336
f 1334 1331 1335
f 1436 1344 1346
f 1378 1374 1377
f 1375 1374 1378
f 1378 1376 1375
f 1365 1444 1367
f 1444 1459 1367
f 1344 1436 1345
f 1329 1330 815
f 815 1479 1329
f 1330 1479 815
f 1348 1433 1337
f 1346 1433 1348
f 1339 1338 1365
f 1421 1338 1339
f 1390 1389 1388
f 1389 1393 1388
f 1388 1455 1390
f 1393 1455 1388
f 1370 1374 1372
f 1364 1377 1429
f 1429 1374 1364
f 1377 1374 1429
f 1428 1452 1440
f 1440 532 1428
f 511 1452 1428
f 1426 1370 1440
f 1440 1425 1426
f 1396 1430 1397
f 1159 1160 1158
f 1196 1159 1217
f 1217 1176 1196
f 572 1218 1217
f 1241 1159 1403
f 1241 1406 572
f 1202 1476 1401
f 1400 1477 1401
f 1401 1476 1400
f 697 514 640
f 640 499 697
f 697 499 695
f 515 514 519
f 696 514 515
f 519 516 515
f 516 696 515
f 185 181 283
f 195 1327 777
f 777 243 195
f 1337 1293 1292
f 1292 1288 1337
f 1337 1288 1314
f 1545 1287 1234
f 1515 1537 1556
f 1512 1575 1556
f 1556 1509 1512
f 1522 1523 1512
f 1512 1506 1522
f 1555 1559 1543
f 1559 1555 1502
f 1151 1153 1154
f 1154 1257 1151
f 1214 1213 1215
f 1213 1257 1215
f 1215 1257 1483
f 1231 1232 1238
f 1231 1233 1230
f 717 555 498
f 498 555 497
f 497 499 498
f 702 636 639
f 717 498 702
f 637 636 593
f 593 638 637
f 639 636 637
f 637 638 639
f 806 826 802
f 661 687 684
f 684 791 661
f 684 687 659
f 802 826 589
f 826 530 589
f 589 834 802
f 742 731 839
f 731 730 839
f 779 783 833
f 833 836 779
f 783 836 833
f 742 839 738
f 732 727 729
f 732 530 826
f 729 530 732
f 732 826 726
f 726 727 732
f 723 728 722
f 723 720 793
f 722 720 723
f 793 819 723
f 819 728 723
f 765 764 777
f 777 1327 765
f 800 796 797
f 796 798 797
f 797 241 800
f 797 798 241
f 749 837 745
f 761 747 749
f 761 759 758
f 758 747 761
f 759 747 758
f 835 836 783
f 783 785 835
f 761 836 835
f 835 785 761
f 761 785 784
f 784 782 761
f 523 698 510
f 523 526 646
f 510 526 523
f 510 698 554
f 508 510 505
f 505 506 508
f 699 532 525
f 805 759 828
f 786 828 790
f 658 782 651
f 659 649 651
f 651 794 659
f 1386 1390 1467
f 1390 1455 1467
f 1471 1425 1448
f 1448 1455 1471
f 1471 1455 1425
f 1382 1394 1445
f 1445 1441 1382
f 1394 1473 1445
f 1397 1441 1445
f 1445 1473 1397
f 1175 1162 1161
f 1161 1162 1197
f 1161 1218 1175
f 1161 1176 1218
f 1161 1197 1196
f 1196 1176 1161
f 1053 1095 7
f 1053 1093 1095
f 7 918 1053
f 1053 918 1093
f 355 305 308
f 308 345 355
f 355 345 305
f 364 345 308
f 347 345 364
f 306 300 305
f 306 363 300
f 305 345 306
f 306 345 347
f 347 363 306
f 300 363 303
f 303 363 347
f 347 346 303
f 291 297 296
f 296 304 291
f 297 299 296
f 299 304 296
f 1596 1586 84
f 84 360 1596
f 1596 360 1586
f 293 1608 1607
f 1607 1608 360
f 84 293 1607
f 1607 360 84
f 1593 1640 301
f 376 1640 1593
f 1593 348 376
f 301 346 1593
f 346 348 1593
f 299 1606 1609
f 298 299 1609
f 1609 290 298
f 1609 289 290
f 1592 1609 1606
f 273 348 350
f 349 348 346
f 370 287 315
f 287 286 315
f 286 313 315
f 308 93 309
f 319 286 273
f 310 357 312
f 310 309 357
f 1024 1059 877
f 25 1059 1024
f 1024 132 25
f 1024 1642 133
f 133 132 1024
f 133 1070 131
f 131 467 133
f 131 468 467
f 133 1642 1069
f 1069 1070 133
f 1070 1069 1635
f 1635 1642 1073
f 1635 1069 1642
f 30 1626 1625
f 1625 1631 30
f 30 1631 29
f 1524 1525 1529
f 1528 1529 1525
f 1566 1533 1528
f 442 440 1524
f 1524 393 442
f 443 440 442
f 1524 379 378
f 378 393 1524
f 379 393 378
f 382 450 458
f 458 436 382
f 458 437 436
f 432 437 458
f 458 1076 432
f 458 1137 1076
f 1497 1482 439
f 439 460 1497
f 384 460 439
f 439 379 384
f 439 1482 383
f 383 379 439
f 1489 1496 1571
f 1532 264 1580
f 1520 254 1523
f 121 232 119
f 119 223 121
f 228 281 279
f 201 202 215
f 215 200 201
f 268 199 244
f 268 200 199
f 1597 1636 1613
f 1613 1636 1585
f 1613 1612 1597
f 1613 1594 1612
f 1613 1615 1586
f 1585 1615 1613
f 1613 1586 1588
f 1588 1594 1613
f 1641 1640 1638
f 1638 1636 1641
f 1638 1640 266
f 1636 1638 1637
f 1532 1533 1637
f 143 1631 144
f 144 139 143
f 145 139 144
f 84 1602 78
f 78 1602 77
f 78 76 84
f 78 77 76
f 1616 1614 1615
f 1615 1604 1616
f 1604 1602 1616
f 84 1614 1616
f 1616 1602 83
f 1616 83 84
f 884 1065 872
f 1065 1085 872
f 1034 884 872
f 1063 1065 123
f 123 1064 1063
f 1063 1064 1065
f 127 67 126
f 43 67 127
f 278 105 81
f 43 127 81
f 61 43 81
f 167 161 152
f 152 161 156
f 156 157 152
f 175 167 152
f 152 158 175
f 152 157 149
f 149 151 152
f 20 19 62
f 19 63 62
f 62 67 20
f 126 67 62
f 62 63 126
f 876 1624 28
f 1623 1624 876
f 28 1625 876
f 865 863 864
f 863 861 864
f 864 861 867
f 1088 881 883
f 885 1085 1603
f 1603 886 885
f 1088 1085 885
f 885 881 1088
f 885 886 882
f 882 881 885
f 862 860 863
f 445 860 862
f 862 863 866
f 866 445 862
f 840 853 14
f 14 841 840
f 13 841 14
f 429 846 847
f 847 1086 429
f 846 1086 847
f 844 841 845
f 841 1086 845
f 845 846 844
f 845 1086 846
f 435 421 462
f 382 434 435
f 435 434 436
f 436 421 435
f 21 461 380
f 21 462 443
f 443 461 21
f 422 426 452
f 452 453 422
f 422 453 426
f 430 457 1076
f 430 1121 431
f 452 457 430
f 430 453 452
f 431 453 430
f 1021 904 1018
f 1018 904 901
f 1018 901 908
f 1076 1137 1139
f 1139 1121 1076
f 1138 1137 1136
f 1138 1139 1137
f 1150 1133 1002
f 1147 1280 1205
f 1136 1143 1132
f 1147 1133 1132
f 1259 1225 1226
f 1153 1158 1224
f 1226 1225 1224
f 1154 1252 1248
f 1248 1203 1154
f 1248 1243 1203
f 1256 1243 1248
f 1220 1229 1279
f 1222 1229 1220
f 1220 1279 1274
f 1273 1222 1220
f 1274 1273 1220
f 1261 1229 1253
f 1227 1253 1229
f 1274 459 1488
f 1313 1274 1488
f 1488 459 387
f 387 1313 1488
f 1244 459 1274
f 388 459 1244
f 1244 1281 388
f 1274 1279 1242
f 1242 1244 1274
f 1281 1244 1242
f 454 410 411
f 1026 1008 1010
f 1010 1008 1020
f 1010 1020 1021
f 428 469 464
f 464 416 18
f 423 416 464
f 464 469 423
f 451 428 464
f 464 406 451
f 18 402 464
f 464 402 406
f 405 402 401
f 402 15 401
f 455 15 402
f 455 402 415
f 415 410 455
f 408 407 455
f 455 410 408
f 447 901 1082
f 1082 15 447
f 908 901 447
f 989 1062 1004
f 1000 1045 999
f 1062 1045 1000
f 1000 1004 1062
f 989 1004 1000
f 1000 1116 989
f 1000 1003 1116
f 1000 1001 1003
f 1147 1284 1285
f 1285 1239 1147
f 1285 1179 1270
f 1285 1284 1174
f 1174 1179 1285
f 1270 1207 1285
f 1207 1239 1285
f 1423 1416 543
f 1423 543 670
f 670 1409 1423
f 551 1416 1414
f 543 1416 551
f 1414 1416 1447
f 1402 1477 1439
f 1403 1401 1402
f 1402 1401 1477
f 1468 1448 1456
f 1456 1469 1468
f 1468 1455 1448
f 1468 1467 1455
f 1468 1469 1470
f 1392 1391 1440
f 543 551 552
f 501 503 690
f 673 503 501
f 500 503 557
f 673 549 676
f 642 681 676
f 676 549 537
f 537 536 676
f 676 536 642
f 676 681 502
f 1175 1218 1199
f 1199 1200 1175
f 1218 1200 1199
f 568 577 571
f 571 577 598
f 1218 1409 571
f 598 1200 571
f 571 1200 1218
f 570 565 567
f 576 570 567
f 567 568 576
f 567 577 568
f 544 546 587
f 587 707 576
f 546 707 587
f 576 568 587
f 666 617 625
f 625 617 1200
f 598 666 625
f 625 1200 598
f 710 709 609
f 609 669 710
f 618 709 710
f 710 669 618
f 604 611 605
f 605 606 604
f 604 607 611
f 604 606 607
f 570 561 563
f 563 561 564
f 563 565 570
f 563 564 585
f 585 565 563
f 623 622 624
f 624 561 623
f 624 622 620
f 564 561 624
f 620 564 624
f 497 557 512
f 512 695 497
f 834 808 518
f 518 663 834
f 521 522 520
f 520 522 636
f 636 702 520
f 520 499 521
f 520 702 499
f 659 794 657
f 657 684 659
f 675 591 983
f 983 591 982
f 983 987 675
f 1083 944 1047
f 1047 1079 1083
f 714 936 632
f 584 936 714
f 632 621 714
f 714 621 584
f 1174 1284 1186
f 1186 1187 1191
f 1168 1179 1174
f 1169 1179 1168
f 1170 1169 1168
f 1168 10 1170
f 1226 1160 1192
f 1192 1159 1196
f 1192 1160 1159
f 705 545 680
f 680 547 705
f 705 546 545
f 705 707 546
f 705 547 704
f 560 707 705
f 705 562 560
f 705 704 562
f 556 559 690
f 557 559 556
f 556 500 557
f 690 503 556
f 503 500 556
f 557 495 492
f 704 559 492
f 492 489 491
f 492 490 489
f 555 490 492
f 491 706 492
f 479 483 482
f 482 483 689
f 482 478 479
f 689 478 482
f 579 588 1061
f 685 641 628
f 641 672 628
f 628 629 685
f 627 629 628
f 628 579 627
f 628 672 588
f 588 579 628
f 1061 582 713
f 713 582 630
f 627 599 600
f 600 629 627
f 685 629 691
f 578 641 691
f 691 641 685
f 691 607 578
f 484 475 1049
f 1049 476 484
f 1049 475 169
f 169 476 1049
f 596 473 472
f 481 473 596
f 596 3 678
f 596 592 481
f 678 592 596
f 909 895 1112
f 1112 910 909
f 976 910 1112
f 1023 1111 177
f 164 979 173
f 173 978 164
f 977 978 173
f 149 170 889
f 889 1036 149
f 889 170 972
f 972 178 889
f 171 163 149
f 171 1037 163
f 586 936 584
f 584 583 586
f 586 583 949
f 949 945 586
f 984 983 982
f 987 983 984
f 1079 1118 984
f 984 1118 988
f 970 896 1123
f 906 896 5
f 1124 896 906
f 1057 1120 1006
f 1057 995 1050
f 1026 1011 1022
f 1022 1050 1026
f 1011 1057 1022
f 1022 1057 1050
f 1052 1008 1026
f 1066 1008 1052
f 1026 992 1052
f 992 953 1052
f 1067 1066 1052
f 1052 954 1067
f 1052 953 954
f 964 963 1094
f 1094 1032 964
f 965 963 964
f 964 1032 965
f 1101 946 934
f 945 948 930
f 930 1113 945
f 930 948 1101
f 938 941 591
f 946 1056 1098
f 1097 934 1098
f 1098 934 946
f 1098 1056 1026
f 1098 994 1097
f 1026 994 1098
f 1104 1102 959
f 1054 1100 959
f 1110 958 959
f 959 1111 1110
f 1573 1575 1572
f 244 181 180
f 1383 1432 1342
f 1342 1431 1383
f 1342 1432 1460
f 1460 1431 1342
f 23 1338 1450
f 1450 1335 23
f 1450 1338 1421
f 1383 1431 1341
f 1431 1340 1341
f 646 1376 1438
f 1376 652 1438
f 1438 656 646
f 1438 652 656
f 1355 652 1376
f 1349 1436 1346
f 1425 1367 1368
f 1365 1367 1366
f 1366 1367 1393
f 1366 1393 1389
f 1389 1434 1366
f 1366 1339 1365
f 1393 1367 1424
f 1424 1367 1425
f 1343 1459 1444
f 1444 1344 1343
f 1344 1345 1343
f 1343 1367 1459
f 1367 1343 1437
f 1437 1343 1345
f 1364 1370 1437
f 1437 1368 1367
f 1463 1345 1436
f 1436 1349 1463
f 1364 1345 1463
f 1337 1479 1347
f 1347 1348 1337
f 1466 1362 1359
f 1466 1443 821
f 1466 821 827
f 827 1362 1466
f 1361 1479 1330
f 1361 1330 821
f 1380 1434 1389
f 1380 1389 1383
f 1380 1366 1434
f 1339 1366 1380
f 1380 1431 1421
f 1421 1339 1380
f 1373 1372 1374
f 1373 1375 525
f 1373 1374 1375
f 531 532 1370
f 1370 1372 531
f 525 532 531
f 1372 1373 531
f 531 1373 525
f 1427 681 511
f 511 1428 1427
f 502 681 1427
f 1427 532 502
f 1427 1428 532
f 1395 1441 1397
f 1397 1430 1395
f 1395 1430 1441
f 16 1441 17
f 1441 1430 17
f 1420 1417 1439
f 1470 1391 1413
f 1413 552 551
f 1413 1415 1417
f 1413 551 1414
f 1414 1447 1413
f 1447 1415 1413
f 1212 1158 1152
f 1152 1158 1153
f 1156 1476 1202
f 1156 1401 1403
f 1202 1401 1156
f 1218 1176 1204
f 1204 1217 1218
f 1176 1217 1204
f 1240 1217 1159
f 1159 1241 1240
f 572 1217 1240
f 1240 1241 572
f 1404 1241 1439
f 1406 1241 1404
f 283 194 259
f 259 185 283
f 194 185 259
f 1300 1301 1337
f 1337 1314 1300
f 1234 1271 1295
f 1299 1287 1544
f 1287 1545 1544
f 1516 1575 1515
f 1515 1556 1516
f 1516 1556 1575
f 1511 1537 1559
f 1511 1556 1537
f 1559 1509 1511
f 1509 1556 1511
f 1251 1151 1257
f 1251 1257 1213
f 1153 1151 1251
f 1251 1213 1212
f 1212 1152 1251
f 1251 1152 1153
f 1238 1237 1236
f 1236 1231 1238
f 1236 1237 1233
f 1233 1231 1236
f 1232 1231 1384
f 1234 1385 1384
f 1384 1271 1234
f 1385 1441 1384
f 1384 1441 1232
f 1230 1271 1384
f 1384 1231 1230
f 716 702 639
f 717 702 716
f 639 486 716
f 486 717 716
f 703 498 499
f 499 702 703
f 703 702 498
f 783 791 781
f 684 657 781
f 781 657 782
f 782 784 781
f 781 785 783
f 781 784 785
f 834 589 590
f 590 589 530
f 590 808 834
f 590 530 808
f 809 730 718
f 809 839 730
f 718 720 809
f 809 720 721
f 778 806 802
f 726 826 778
f 826 806 778
f 802 834 778
f 778 791 779
f 834 791 778
f 779 836 735
f 735 778 779
f 735 738 839
f 839 809 735
f 735 734 726
f 721 734 735
f 735 809 721
f 807 810 742
f 807 836 810
f 807 735 836
f 738 735 807
f 470 678 813
f 470 668 678
f 813 682 470
f 682 668 470
f 819 668 818
f 818 668 682
f 818 728 819
f 682 728 818
f 150 677 678
f 678 668 150
f 150 665 677
f 154 665 150
f 150 148 154
f 150 151 146
f 146 148 150
f 150 152 151
f 158 152 150
f 819 158 150
f 150 668 819
f 766 764 767
f 764 765 767
f 772 769 767
f 767 769 766
f 767 1442 772
f 1322 1442 767
f 771 1327 1322
f 771 765 1327
f 1322 767 771
f 771 767 765
f 761 749 753
f 753 810 761
f 812 837 746
f 837 749 746
f 746 747 812
f 746 749 747
f 662 523 646
f 698 523 662
f 662 648 698
f 646 651 662
f 662 651 645
f 644 554 645
f 645 651 644
f 644 651 649
f 660 554 644
f 644 643 660
f 649 643 644
f 698 648 647
f 647 554 698
f 645 554 647
f 647 662 645
f 648 662 647
f 513 554 660
f 513 660 519
f 519 514 513
f 514 697 513
f 513 697 695
f 505 510 509
f 510 554 509
f 510 508 700
f 700 508 506
f 502 532 533
f 532 699 533
f 533 700 502
f 699 700 533
f 789 805 828
f 664 805 789
f 828 786 789
f 1356 664 789
f 759 805 757
f 757 751 750
f 750 747 757
f 757 747 759
f 751 757 755
f 755 757 805
f 654 651 782
f 782 657 654
f 794 651 654
f 654 657 794
f 790 658 788
f 658 651 788
f 788 786 790
f 655 786 788
f 788 651 655
f 650 651 646
f 308 309 329
f 309 310 329
f 302 346 301
f 302 303 346
f 300 303 302
f 301 297 302
f 302 297 300
f 1589 1592 1588
f 1609 1592 1589
f 1588 289 1589
f 289 1609 1589
f 1590 1636 1605
f 1590 1605 1588
f 1588 1592 1590
f 1591 1636 1590
f 1590 1606 1591
f 1590 1592 1606
f 318 273 375
f 273 350 375
f 375 350 348
f 375 349 318
f 348 349 375
f 256 92 253
f 95 92 256
f 312 357 320
f 370 315 314
f 314 315 313
f 313 320 314
f 247 248 246
f 244 247 246
f 246 245 244
f 321 309 93
f 357 309 321
f 317 273 318
f 877 878 875
f 875 1024 877
f 879 1024 875
f 875 1051 879
f 1081 1051 875
f 875 878 1081
f 134 1070 135
f 134 131 1070
f 135 468 134
f 468 131 134
f 1074 143 1071
f 1626 30 1071
f 1073 1626 1071
f 1071 1635 1073
f 1071 30 29
f 1071 1631 1074
f 29 1631 1071
f 1070 1635 1072
f 1072 1071 143
f 1635 1071 1072
f 423 469 138
f 394 395 138
f 1530 1528 1533
f 1529 1528 1530
f 1531 1529 1530
f 1532 1531 1530
f 1530 1533 1532
f 143 139 142
f 142 1072 143
f 135 1070 142
f 1070 1072 142
f 380 461 381
f 381 393 380
f 381 442 393
f 381 461 443
f 443 442 381
f 456 458 450
f 441 388 456
f 456 450 441
f 388 1281 456
f 1131 1137 433
f 1137 458 433
f 433 1282 1131
f 458 456 433
f 287 254 261
f 254 1520 261
f 221 223 222
f 222 270 221
f 223 270 222
f 207 270 252
f 252 270 223
f 244 245 282
f 1636 1637 1534
f 1534 1637 1533
f 1631 1636 1534
f 1534 1533 1631
f 1639 1638 266
f 1639 1637 1638
f 1639 264 1532
f 1532 1637 1639
f 1631 145 1075
f 1075 144 1631
f 145 144 1075
f 1610 1583 1582
f 1604 1583 1610
f 1582 1611 1610
f 1611 1604 1610
f 1584 1604 1585
f 1584 1583 1604
f 1584 1585 1582
f 1582 1583 1584
f 1028 1085 1088
f 1088 872 1028
f 1028 872 1085
f 128 129 278
f 278 81 128
f 126 116 128
f 128 127 126
f 128 81 127
f 117 129 128
f 128 116 117
f 74 105 61
f 61 81 74
f 74 81 105
f 874 867 1623
f 1623 876 874
f 874 876 867
f 26 864 867
f 879 865 26
f 865 864 26
f 26 1024 879
f 1642 1024 26
f 870 881 1048
f 870 883 881
f 1048 860 870
f 870 860 445
f 1088 883 869
f 869 872 1088
f 883 870 869
f 869 870 859
f 427 380 382
f 427 21 380
f 462 21 427
f 382 435 427
f 427 435 462
f 1076 1121 1077
f 1077 430 1076
f 1121 430 1077
f 1019 1041 1042
f 1042 1016 1019
f 1016 1121 1060
f 1121 1139 1060
f 1016 1138 1017
f 1133 1150 1017
f 1017 1150 1002
f 1001 1000 1017
f 1002 1001 1017
f 1193 1191 1189
f 1191 1187 1189
f 1278 1205 1280
f 1280 1277 1278
f 1278 1277 1219
f 1219 1279 1278
f 1278 1229 1193
f 1279 1229 1278
f 1144 1132 1143
f 1280 1132 1144
f 1143 1277 1144
f 1144 1277 1280
f 1146 1280 1147
f 1147 1132 1146
f 1146 1132 1280
f 1153 1224 1155
f 1155 1224 1252
f 1154 1153 1155
f 1155 1252 1154
f 1226 1224 11
f 11 1160 1226
f 11 1158 1160
f 1223 1224 1225
f 1252 1224 1223
f 1223 1225 1261
f 1221 1229 1222
f 1221 1227 1229
f 1281 1242 1145
f 411 1121 1044
f 1044 454 411
f 408 410 409
f 410 454 409
f 465 401 15
f 465 15 1082
f 465 398 405
f 405 401 465
f 465 1082 438
f 1041 1039 403
f 407 1041 403
f 403 1039 908
f 403 455 407
f 15 455 403
f 908 447 403
f 403 447 15
f 1041 1018 1043
f 1043 1039 1041
f 1043 1018 908
f 908 1039 1043
f 999 1045 1046
f 1046 1005 999
f 1046 1045 1114
f 1097 1005 1046
f 1046 940 1097
f 1114 940 1046
f 1416 1423 1407
f 1406 1447 1407
f 1407 1447 1416
f 1454 1447 1406
f 1417 1415 1454
f 1454 1415 1447
f 1478 1402 1439
f 1439 1241 1478
f 1403 1402 1478
f 1478 1241 1403
f 1467 1468 1412
f 1412 1413 1417
f 1412 1468 1470
f 1470 1413 1412
f 534 1452 511
f 511 1392 534
f 1440 1452 534
f 534 1392 1440
f 540 543 1449
f 1391 1392 1449
f 535 1392 511
f 511 681 535
f 535 681 642
f 642 536 535
f 535 1449 1392
f 535 536 539
f 535 539 540
f 540 1449 535
f 667 549 673
f 673 501 667
f 690 549 667
f 667 501 690
f 573 693 568
f 568 571 573
f 573 571 693
f 575 571 1409
f 693 571 575
f 575 1409 670
f 670 693 575
f 577 567 566
f 566 567 565
f 585 577 566
f 566 565 585
f 568 693 574
f 574 587 568
f 557 503 686
f 686 512 557
f 663 518 553
f 661 663 553
f 553 808 519
f 553 518 808
f 519 687 553
f 553 687 661
f 982 591 986
f 591 1083 986
f 986 1083 1079
f 986 984 982
f 1079 984 986
f 943 1083 591
f 591 941 943
f 943 941 939
f 939 944 943
f 944 1083 943
f 1261 1225 1260
f 1178 1165 8
f 8 10 1178
f 10 1168 1178
f 1165 1166 1266
f 1262 1259 1226
f 1226 1192 1262
f 1225 1259 1195
f 1259 1262 1195
f 1195 1262 1192
f 1182 1195 1192
f 1225 1195 1182
f 558 559 557
f 555 492 496
f 496 492 495
f 496 495 557
f 497 555 496
f 496 557 497
f 562 704 493
f 704 492 493
f 493 706 562
f 493 492 706
f 580 713 630
f 1061 713 580
f 607 691 601
f 611 607 601
f 629 600 601
f 601 691 629
f 601 599 611
f 601 600 599
f 3 596 692
f 894 957 895
f 909 1124 894
f 894 895 909
f 1108 957 958
f 895 957 1109
f 1109 1112 895
f 957 1108 1109
f 976 1112 1109
f 1109 1108 976
f 177 978 1007
f 1007 1023 177
f 978 1023 1007
f 977 173 1068
f 1068 173 979
f 1068 980 977
f 1068 979 149
f 149 1037 1068
f 174 980 1068
f 1037 171 1068
f 888 1035 1128
f 1128 178 888
f 149 1036 162
f 162 171 149
f 1036 171 162
f 936 586 931
f 942 936 931
f 931 1113 942
f 945 1113 931
f 931 586 945
f 988 987 985
f 985 984 988
f 987 984 985
f 970 1123 913
f 913 12 970
f 913 914 912
f 912 12 913
f 913 1124 914
f 913 896 1124
f 1006 997 996
f 996 997 995
f 996 1057 1006
f 995 1057 996
f 1115 997 999
f 995 997 1115
f 999 1005 1115
f 1005 995 1115
f 1101 934 933
f 933 930 1101
f 1113 930 933
f 935 933 934
f 1113 933 935
f 939 941 935
f 941 938 935
f 1105 1102 1054
f 1054 959 1105
f 1105 959 1102
f 960 1100 962
f 960 959 1100
f 962 1111 960
f 1111 959 960
f 915 959 958
f 1572 1513 1514
f 1514 1573 1572
f 1514 1513 285
f 285 1573 1514
f 1536 247 249
f 251 1513 1536
f 251 250 1513
f 1536 249 251
f 251 249 247
f 1513 250 271
f 271 186 1513
f 271 247 244
f 244 180 271
f 180 186 271
f 271 251 247
f 250 251 271
f 1334 1335 1453
f 1335 1450 1453
f 1453 1421 1334
f 1453 1450 1421
f 1383 1341 1379
f 1353 1356 1354
f 1354 1355 1376
f 1354 789 656
f 1356 789 1354
f 656 652 1354
f 652 1355 1354
f 1376 1378 1354
f 1354 1378 1353
f 1359 1362 1357
f 1357 1466 1359
f 1358 1353 1357
f 1451 1378 1377
f 1479 1361 1480
f 1425 1368 1371
f 1370 1426 1371
f 1371 1426 1425
f 1425 1455 1472
f 1472 1424 1425
f 1472 1455 1393
f 1393 1424 1472
f 1363 1345 1364
f 1364 1437 1363
f 1363 1437 1345
f 1462 1377 1364
f 1364 1463 1462
f 1462 1463 1377
f 1417 1420 1411
f 1411 1420 1399
f 1411 1412 1417
f 1399 1467 1411
f 1467 1412 1411
f 1400 1410 1474
f 1474 1410 16
f 16 17 1474
f 1430 1396 1474
f 1474 17 1430
f 1419 1477 1400
f 1400 1474 1419
f 1419 1474 1475
f 1439 1477 1419
f 1419 1420 1439
f 1419 1475 1399
f 679 1413 1391
f 552 1413 679
f 1391 1449 679
f 543 552 679
f 679 1449 543
f 1476 1156 1209
f 1400 1476 1209
f 1209 1410 1400
f 1210 1410 1209
f 1157 1156 1403
f 1158 1156 1157
f 1403 1159 1157
f 1159 1158 1157
f 284 180 181
f 181 182 284
f 284 182 285
f 284 186 180
f 285 1513 284
f 1513 186 284
f 181 185 183
f 183 185 194
f 195 192 197
f 1327 195 197
f 197 194 1322
f 1322 1327 197
f 194 197 193
f 193 197 192
f 184 193 192
f 285 182 184
f 184 182 181
f 181 183 184
f 184 183 194
f 194 193 184
f 191 1307 196
f 189 184 191
f 195 1307 191
f 1317 1314 1288
f 1288 1292 1289
f 1298 1293 1299
f 1298 1297 1293
f 1294 1539 1298
f 1298 1569 1294
f 1298 1299 1543
f 1543 1559 1298
f 1319 1292 1293
f 1319 1289 1292
f 1539 1289 1319
f 1569 1298 1315
f 1316 1545 1234
f 1558 1271 1230
f 1558 1295 1271
f 1230 1233 1558
f 1558 1233 1245
f 1507 1501 1522
f 1522 1501 1498
f 1498 1518 1522
f 791 684 780
f 780 781 791
f 684 781 780
f 726 778 528
f 528 735 726
f 742 738 737
f 737 807 742
f 738 807 737
f 748 749 745
f 748 753 749
f 745 810 748
f 810 753 748
f 671 526 510
f 510 700 671
f 525 646 671
f 646 526 671
f 504 700 506
f 506 503 504
f 502 700 504
f 504 503 673
f 504 676 502
f 673 676 504
f 653 786 655
f 653 789 786
f 656 789 653
f 655 651 653
f 651 650 653
f 646 656 653
f 653 650 646
f 803 805 664
f 803 755 805
f 760 766 756
f 751 755 754
f 356 358 364
f 356 364 308
f 308 329 356
f 275 229 220
f 221 270 220
f 332 33 275
f 245 246 359
f 359 246 248
f 359 282 245
f 357 321 97
f 97 94 96
f 322 94 97
f 93 322 97
f 97 321 93
f 316 319 273
f 273 317 316
f 1526 1525 423
f 423 138 1526
f 463 469 428
f 463 138 469
f 463 428 394
f 394 138 463
f 141 139 145
f 1535 1566 141
f 141 145 1535
f 135 142 136
f 136 142 139
f 136 396 135
f 1142 1281 1282
f 1142 456 1281
f 1282 433 1142
f 1142 433 456
f 1524 1529 1568
f 1568 1529 1531
f 1522 1518 1519
f 223 119 32
f 32 252 223
f 32 119 232
f 32 232 207
f 207 252 32
f 267 220 270
f 233 220 267
f 270 272 269
f 213 267 269
f 269 267 270
f 216 207 122
f 216 270 207
f 216 272 270
f 122 209 216
f 200 268 258
f 244 282 258
f 258 268 244
f 265 1639 266
f 264 1639 265
f 858 445 390
f 390 1055 858
f 1055 429 858
f 867 876 27
f 27 26 867
f 27 876 1625
f 854 14 853
f 6 1018 1041
f 1041 1019 6
f 1021 1018 1012
f 1012 1010 1021
f 1012 1011 1026
f 1026 1010 1012
f 1013 1057 1011
f 1011 1012 1013
f 1013 1012 1014
f 1120 1057 1013
f 1016 1060 1140
f 1140 1060 1139
f 1140 1138 1016
f 1139 1138 1140
f 1286 1017 1138
f 1286 1138 1136
f 1133 1017 1286
f 1136 1132 1286
f 1286 1132 1133
f 1205 1278 1194
f 1147 1205 1194
f 1194 1284 1147
f 1249 1224 1158
f 1158 11 1249
f 1249 11 1224
f 1255 1248 1252
f 1252 1223 1255
f 1255 1223 1248
f 1256 1248 1247
f 1248 1223 1247
f 1247 1223 1261
f 1261 1253 1247
f 1253 1227 1247
f 1227 1221 1247
f 1247 1222 1256
f 1247 1221 1222
f 1276 1277 1143
f 1281 1145 1276
f 1276 1143 1135
f 1135 1281 1276
f 1219 1277 1275
f 1275 1279 1219
f 1277 1276 1275
f 1275 1276 1145
f 1275 1242 1279
f 1275 1145 1242
f 454 1044 1040
f 1040 409 454
f 408 409 1040
f 1040 1042 408
f 1040 1121 1042
f 1040 1044 1121
f 438 971 399
f 399 465 438
f 398 465 399
f 971 468 399
f 468 398 399
f 1405 1407 1423
f 1405 1409 572
f 1405 1423 1409
f 572 1406 1405
f 1406 1407 1405
f 1439 1417 1457
f 1417 1454 1457
f 1457 1404 1439
f 548 574 693
f 587 574 548
f 541 542 548
f 548 693 541
f 548 542 544
f 544 587 548
f 695 512 694
f 512 686 694
f 505 695 694
f 694 503 505
f 694 686 503
f 1173 1168 1174
f 1184 1183 1228
f 1181 1183 1184
f 1184 1260 1181
f 1184 1228 1261
f 1261 1260 1184
f 1228 1183 1185
f 1185 1183 1186
f 1191 1228 1185
f 1185 1186 1191
f 1186 1183 1201
f 1201 1183 1177
f 1174 1186 1201
f 1201 1173 1174
f 1177 1173 1201
f 1196 1164 1268
f 1267 1268 1164
f 1267 1192 1196
f 1196 1268 1267
f 1181 1260 1198
f 1198 1260 1225
f 1225 1182 1198
f 494 492 559
f 559 558 494
f 557 492 494
f 494 558 557
f 581 630 627
f 581 580 630
f 627 579 581
f 581 579 1061
f 1061 580 581
f 3 692 595
f 595 635 4
f 595 596 472
f 595 692 596
f 4 3 595
f 1111 1023 1031
f 1031 1023 978
f 1110 1111 1031
f 1031 978 976
f 1031 958 1110
f 1031 1108 958
f 976 1108 1031
f 958 957 956
f 957 894 956
f 956 915 958
f 894 915 956
f 165 171 1036
f 165 166 171
f 1036 889 165
f 1127 1068 171
f 171 166 1127
f 174 1068 1127
f 1127 166 1128
f 1127 1035 174
f 1127 1128 1035
f 993 1123 896
f 896 913 993
f 993 913 1123
f 939 935 947
f 1097 940 947
f 947 940 939
f 1113 935 932
f 932 935 938
f 591 1113 932
f 932 938 591
f 1 894 1124
f 1 915 894
f 1124 906 1
f 1422 1340 1431
f 1431 1380 1422
f 1422 1341 1340
f 1422 1379 1341
f 1422 1380 1383
f 1383 1379 1422
f 1352 1357 1461
f 1378 1451 1461
f 1461 1451 1352
f 1353 1378 1461
f 1461 1357 1353
f 1464 1357 1352
f 1349 1480 1464
f 1352 1451 1360
f 1360 1464 1352
f 1349 1464 1360
f 1360 1451 1377
f 1377 1463 1360
f 1360 1463 1349
f 1351 1480 1349
f 1348 1347 1350
f 1346 1348 1350
f 1350 1347 1479
f 1479 1480 1350
f 1480 1351 1350
f 1350 1349 1346
f 1350 1351 1349
f 1370 1371 1369
f 1369 1371 1368
f 1369 1437 1370
f 1368 1437 1369
f 1398 1474 1396
f 1475 1474 1398
f 1399 1475 1398
f 1398 1396 1397
f 1397 1473 1398
f 1398 1467 1399
f 1386 1467 1398
f 1398 1394 1386
f 1398 1473 1394
f 1399 1420 1418
f 1418 1419 1399
f 1420 1419 1418
f 1208 1156 1158
f 1208 1209 1156
f 1210 1209 1208
f 1208 1211 1210
f 1212 1211 1208
f 1208 1158 1212
f 777 1328 1305
f 190 184 192
f 192 191 190
f 190 191 184
f 260 192 195
f 195 191 260
f 260 191 192
f 1303 1311 1300
f 1539 1311 1303
f 1303 1300 1314
f 1314 1317 1303
f 1303 1317 1288
f 1294 1569 1540
f 1540 1539 1294
f 1540 1538 1539
f 1569 1315 1540
f 1537 1538 1540
f 1297 1298 1291
f 1291 1298 1539
f 1539 1319 1291
f 1293 1297 1291
f 1291 1319 1293
f 1542 1298 1559
f 1559 1315 1542
f 1542 1315 1298
f 1234 1295 1296
f 1296 1316 1234
f 1545 1316 1296
f 1245 1213 1567
f 1567 1558 1245
f 1561 1507 1522
f 1504 1506 1559
f 1501 1507 1500
f 1500 1498 1501
f 1552 1518 1499
f 1518 1498 1499
f 1499 1571 1552
f 1489 1571 1499
f 1499 1498 1489
f 1489 1498 1490
f 778 735 736
f 736 528 778
f 735 528 736
f 507 509 554
f 505 509 507
f 507 695 505
f 507 513 695
f 554 513 507
f 701 700 699
f 701 671 700
f 527 699 525
f 525 671 527
f 527 701 699
f 671 701 527
f 755 803 830
f 830 756 755
f 830 803 664
f 830 1362 760
f 760 756 830
f 830 664 1356
f 830 1356 1358
f 1358 1357 830
f 830 1357 1362
f 755 756 762
f 762 768 770
f 766 768 762
f 762 756 766
f 373 320 313
f 320 373 311
f 312 320 311
f 311 310 312
f 311 329 310
f 218 220 233
f 275 220 218
f 234 256 253
f 234 274 256
f 234 223 221
f 253 223 234
f 221 220 234
f 234 220 229
f 323 97 96
f 357 97 323
f 325 320 357
f 325 331 320
f 372 339 370
f 370 314 372
f 334 338 335
f 338 344 335
f 335 344 320
f 335 331 334
f 320 331 335
f 338 336 371
f 336 372 371
f 320 344 371
f 371 314 320
f 371 372 314
f 340 368 248
f 247 339 340
f 340 248 247
f 338 368 369
f 369 336 338
f 369 340 339
f 368 340 369
f 339 372 369
f 369 372 336
f 352 338 334
f 352 368 338
f 248 368 352
f 352 359 248
f 334 331 333
f 333 332 334
f 33 332 328
f 331 325 328
f 328 333 331
f 332 333 328
f 351 346 347
f 358 342 367
f 346 351 367
f 347 364 367
f 367 351 347
f 1527 1526 138
f 1527 1528 1525
f 1525 1526 1527
f 1566 1528 1527
f 1527 141 1566
f 139 141 31
f 396 136 31
f 31 136 139
f 1532 1580 1579
f 1580 1568 1579
f 1579 1531 1532
f 1579 1568 1531
f 262 1519 1518
f 262 1580 264
f 262 1568 1580
f 1518 1568 262
f 1517 1568 1518
f 1524 1568 1517
f 1517 1496 1497
f 1517 1497 1524
f 1517 1571 1496
f 1552 1571 1517
f 1517 1518 1552
f 206 267 213
f 233 267 206
f 213 204 206
f 204 218 206
f 206 218 233
f 208 209 212
f 208 216 209
f 231 201 200
f 200 258 231
f 202 201 231
f 287 261 263
f 261 265 263
f 263 286 287
f 266 286 263
f 263 265 266
f 1521 261 1520
f 1521 265 261
f 264 265 1521
f 1521 262 264
f 1519 262 1521
f 1522 1519 1521
f 1523 1522 1521
f 1521 1520 1523
f 872 869 868
f 868 869 859
f 1034 872 856
f 856 855 1034
f 872 868 856
f 856 868 859
f 859 870 873
f 873 856 859
f 858 856 873
f 873 870 445
f 445 858 873
f 1627 27 1625
f 26 27 1627
f 1627 1625 1073
f 1073 1642 1627
f 1642 26 1627
f 1015 6 1019
f 1015 1019 1016
f 1018 6 1015
f 1015 1012 1018
f 1014 1012 1015
f 1016 1017 1122
f 1122 1013 1014
f 1122 1015 1016
f 1014 1015 1122
f 1122 1017 1000
f 1120 1013 1122
f 1006 1120 1122
f 1122 997 1006
f 1193 1189 1190
f 1190 1278 1193
f 1190 1194 1278
f 1190 1189 1187
f 1187 1186 1190
f 1408 1454 1406
f 1408 1457 1454
f 1406 1404 1408
f 1404 1457 1408
f 1178 1263 1264
f 1264 1166 1165
f 1165 1178 1264
f 1264 1266 1166
f 1264 1263 1266
f 1265 1263 1178
f 1265 1178 1168
f 1168 1173 1265
f 1265 1173 1177
f 1177 1263 1265
f 1266 1263 1180
f 1180 1267 1266
f 1180 1183 1181
f 1180 1263 1177
f 1181 1198 1180
f 1180 1198 1182
f 1180 1182 1192
f 1192 1267 1180
f 1177 1183 1180
f 1167 1267 1164
f 1266 1267 1167
f 1164 1165 1167
f 1165 1266 1167
f 471 635 597
f 635 595 597
f 597 478 471
f 597 595 478
f 472 478 594
f 594 595 472
f 478 595 594
f 1128 166 1129
f 166 165 1129
f 1129 165 889
f 1129 889 178
f 178 1128 1129
f 1025 947 935
f 1097 947 1025
f 2 906 5
f 2 1 906
f 5 991 2
f 2 991 1104
f 915 1 2
f 1104 959 2
f 959 915 2
f 1465 1464 1480
f 1465 1480 1361
f 1357 1464 1465
f 821 1443 1465
f 1465 1361 821
f 1443 1466 1465
f 1466 1357 1465
f 1304 195 243
f 1304 243 777
f 777 1305 1304
f 1304 1307 195
f 196 1307 1304
f 1328 1301 1312
f 1312 1305 1328
f 1301 1300 1312
f 1300 1308 1318
f 1308 1305 1318
f 1318 1312 1300
f 1305 1312 1318
f 198 1573 285
f 198 1310 1573
f 188 198 285
f 1310 198 188
f 1320 1308 1300
f 1300 1311 1320
f 1290 1303 1288
f 1539 1303 1290
f 1288 1289 1290
f 1290 1289 1539
f 1537 1540 1541
f 1541 1540 1315
f 1559 1537 1541
f 1541 1315 1559
f 1545 1296 1549
f 1486 1558 1485
f 1558 1567 1485
f 1485 1567 1213
f 1485 1213 1214
f 1483 1486 1485
f 1485 1215 1483
f 1214 1215 1485
f 1508 1522 1506
f 1508 1561 1522
f 1503 1504 1559
f 1559 1502 1503
f 1554 1500 1503
f 1503 1555 1554
f 1503 1502 1555
f 1507 1561 1505
f 1504 1503 1505
f 1506 1504 1505
f 1505 1500 1507
f 1505 1503 1500
f 1505 1508 1506
f 1561 1508 1505
f 1554 1555 1551
f 1551 1500 1554
f 1550 1500 1551
f 1551 1555 1543
f 1543 1550 1551
f 1495 1558 1486
f 1486 1489 1495
f 1489 1490 1495
f 1295 1558 1557
f 1557 1296 1295
f 1562 1549 1557
f 1557 1549 1296
f 1492 1490 1498
f 1493 1500 1550
f 1498 1500 1493
f 1493 1492 1498
f 752 754 755
f 755 762 752
f 752 762 770
f 751 754 752
f 770 750 752
f 750 751 752
f 374 373 313
f 319 373 374
f 374 313 286
f 286 319 374
f 326 342 358
f 329 311 326
f 326 373 342
f 326 311 373
f 326 356 329
f 358 356 326
f 362 359 353
f 282 359 362
f 362 353 275
f 337 344 338
f 338 371 337
f 337 371 344
f 275 353 343
f 353 352 343
f 343 352 334
f 343 332 275
f 334 332 343
f 353 359 341
f 341 352 353
f 359 352 341
f 357 323 324
f 324 325 357
f 324 328 325
f 275 33 327
f 33 328 327
f 328 324 327
f 327 324 323
f 319 316 377
f 377 316 317
f 318 349 377
f 377 317 318
f 364 358 365
f 365 367 364
f 358 367 365
f 140 1527 138
f 141 1527 140
f 140 31 141
f 140 138 395
f 212 230 210
f 210 208 212
f 280 204 213
f 228 279 280
f 280 281 202
f 280 279 281
f 202 231 203
f 203 280 202
f 204 280 203
f 203 258 282
f 203 231 258
f 857 856 858
f 857 858 429
f 998 1122 1000
f 997 1122 998
f 998 1000 999
f 999 997 998
f 1188 1186 1284
f 937 935 934
f 937 1025 935
f 937 934 1097
f 1097 1025 937
f 196 1304 1306
f 1309 1305 1308
f 1309 1304 1305
f 1309 1306 1304
f 196 1306 1309
f 1308 1310 1309
f 1310 188 1309
f 1309 191 196
f 189 191 1309
f 187 188 285
f 285 184 187
f 187 184 189
f 189 1309 187
f 187 1309 188
f 1573 1310 1574
f 1310 1563 1574
f 1563 1576 1574
f 1575 1573 1574
f 1574 1576 1575
f 1515 1575 1578
f 1564 1310 1308
f 1564 1563 1310
f 1299 1544 1560
f 1543 1299 1560
f 1545 1549 1547
f 1562 1557 1491
f 1491 1495 1490
f 1558 1495 1491
f 1491 1557 1558
f 1550 1570 1494
f 1494 1493 1550
f 1494 1570 1562
f 1492 1493 1494
f 1490 1492 1494
f 1562 1491 1494
f 1494 1491 1490
f 219 218 282
f 282 362 219
f 275 218 219
f 219 362 275
f 257 229 275
f 257 234 229
f 274 234 257
f 95 256 257
f 256 274 257
f 96 95 257
f 257 323 96
f 257 327 323
f 319 377 354
f 354 377 367
f 354 367 342
f 354 373 319
f 342 373 354
f 366 349 346
f 366 377 349
f 346 367 366
f 367 377 366
f 137 140 395
f 31 140 137
f 137 395 396
f 396 31 137
f 282 218 205
f 205 203 282
f 205 218 204
f 204 203 205
f 855 856 1087
f 856 857 1087
f 429 13 1087
f 1087 857 429
f 1034 855 1087
f 13 14 1087
f 14 854 1087
f 1087 854 853
f 1087 853 1034
f 1194 1190 1283
f 1284 1194 1283
f 1283 1188 1284
f 1283 1190 1186
f 1186 1188 1283
f 1575 1576 1577
f 1577 1576 1563
f 1577 1578 1575
f 1563 1578 1577
f 1515 1578 1510
f 1510 1578 1563
f 1510 1537 1515
f 1510 1538 1537
f 1539 1538 1510
f 1321 1320 1311
f 1308 1320 1321
f 1321 1564 1308
f 1563 1564 1321
f 1321 1510 1563
f 1548 1549 1562
f 1548 1560 1549
f 1562 1570 1548
f 1548 1570 1550
f 1543 1560 1548
f 1548 1550 1543
f 1549 1560 1546
f 1546 1547 1549
f 1546 1560 1544
f 1546 1544 1545
f 1545 1547 1546
f 275 327 330
f 330 257 275
f 327 257 330
f 217 210 230
f 217 230 236
f 208 210 217
f 236 228 217
f 216 208 217
f 217 214 216
f 228 280 217
f 217 280 213
f 213 214 217
f 216 214 211
f 272 216 211
f 211 269 272
f 213 269 211
f 211 214 213
f 1553 1321 1311
f 1510 1321 1553
f 1539 1510 1302
f 1510 1553 1302
f 1302 1311 1539
f 1302 1553 1311

